{
  "trial_number": 36,
  "value": 0.143616961936,
  "fold_scores": {
    "1": 0.1462366282939911,
    "2": 0.12638190388679504,
    "3": 0.11623189598321915,
    "4": 0.1258314847946167,
    "5": 0.22539207339286804,
    "6": 0.12162778526544571
  },
  "trial_seconds": 58.18434929847717,
  "params": {
    "encoding": {
      "ridge_alpha": 29643.695212273906
    },
    "alignment": {
      "n_components": 80
    }
  }
}