{
  "trial_number": 37,
  "value": 0.155027086536,
  "fold_scores": {
    "1": 0.15846078097820282,
    "2": 0.1312715709209442,
    "3": 0.13066250085830688,
    "4": 0.1344371885061264,
    "5": 0.24139326810836792,
    "6": 0.13393720984458923
  },
  "trial_seconds": 91.77005434036255,
  "params": {
    "encoding": {
      "ridge_alpha": 42125.23937369464
    },
    "alignment": {
      "n_components": 120
    }
  }
}