{
  "trial_number": 67,
  "value": 0.157782293856,
  "fold_scores": {
    "1": 0.15926094353199005,
    "2": 0.13517864048480988,
    "3": 0.13331300020217896,
    "4": 0.13810817897319794,
    "5": 0.2480565905570984,
    "6": 0.1327764093875885
  },
  "trial_seconds": 49.32462430000305,
  "params": {
    "encoding": {
      "ridge_alpha": 13537.26588099669
    },
    "alignment": {
      "n_components": 165
    }
  }
}