{
  "trial_number": 23,
  "value": 0.1572705159584681,
  "fold_scores": {
    "1": 0.16167950630187988,
    "2": 0.137807697057724,
    "3": 0.13548138737678528,
    "4": 0.13493862748146057,
    "5": 0.24109333753585815,
    "6": 0.13262253999710083
  },
  "trial_seconds": 61.296066761016846,
  "params": {
    "encoding": {
      "ridge_alpha": 16309.013802302296
    },
    "alignment": {
      "n_components": 30
    }
  }
}