{
  "trial_number": 42,
  "value": 0.145607049266,
  "fold_scores": {
    "1": 0.1480960249900818,
    "2": 0.12764182686805725,
    "3": 0.11629174649715424,
    "4": 0.1285909116268158,
    "5": 0.23073138296604156,
    "6": 0.12229040265083313
  },
  "trial_seconds": 53.773125648498535,
  "params": {
    "encoding": {
      "ridge_alpha": 34329.405668855725
    },
    "alignment": {
      "n_components": 140
    }
  }
}