{
  "trial_number": 76,
  "value": 0.156858439247,
  "fold_scores": {
    "1": 0.15853741765022278,
    "2": 0.1379672884941101,
    "3": 0.13346245884895325,
    "4": 0.13316571712493896,
    "5": 0.245443657040596,
    "6": 0.13257409632205963
  },
  "trial_seconds": 77.00313544273376,
  "params": {
    "encoding": {
      "ridge_alpha": 69162.9009597014
    },
    "alignment": {
      "n_components": 25
    }
  }
}