{
  "median_r": 0.1616126000881195,
  "mean_r": 0.17863863706588745,
  "median_pattern_r": 0.46274369955062866,
  "two_vs_two": 0.911,
  "n_shots": 100,
  "n_eval": 250,
  "n_stimuli_total": 1000,
  "seed": 42,
  "eval_split_mode": "fixed",
  "eval_indices": [
    2,
    3,
    10,
    23,
    25,
    29,
    30,
    31,
    33,
    39,
    44,
    49,
    54,
    55,
    59,
    60,
    63,
    65,
    66,
    67,
    70,
    72,
    76,
    77,
    78,
    84,
    86,
    88,
    96,
    101,
    107,
    109,
    110,
    120,
    136,
    137,
    139,
    141,
    158,
    165,
    168,
    174,
    184,
    192,
    198,
    199,
    204,
    208,
    209,
    210,
    213,
    215,
    218,
    221,
    231,
    235,
    237,
    244,
    247,
    249,
    254,
    256,
    259,
    260,
    261,
    265,
    275,
    277,
    280,
    281,
    286,
    289,
    292,
    294,
    296,
    298,
    299,
    305,
    306,
    307,
    309,
    310,
    312,
    314,
    318,
    319,
    321,
    327,
    328,
    331,
    332,
    333,
    344,
    346,
    350,
    351,
    355,
    361,
    363,
    365,
    370,
    371,
    377,
    382,
    408,
    411,
    425,
    429,
    430,
    432,
    436,
    439,
    445,
    451,
    462,
    479,
    481,
    486,
    493,
    494,
    495,
    499,
    513,
    514,
    521,
    522,
    526,
    527,
    528,
    529,
    534,
    535,
    536,
    542,
    543,
    544,
    548,
    549,
    554,
    557,
    559,
    570,
    575,
    578,
    583,
    584,
    589,
    590,
    595,
    596,
    599,
    601,
    604,
    613,
    617,
    621,
    626,
    635,
    636,
    643,
    644,
    649,
    650,
    652,
    655,
    656,
    660,
    662,
    664,
    668,
    670,
    677,
    678,
    679,
    687,
    689,
    692,
    695,
    697,
    708,
    713,
    714,
    716,
    721,
    734,
    737,
    740,
    741,
    749,
    753,
    761,
    764,
    767,
    787,
    799,
    800,
    802,
    810,
    811,
    816,
    820,
    822,
    823,
    824,
    826,
    827,
    829,
    836,
    837,
    845,
    849,
    859,
    865,
    866,
    867,
    879,
    883,
    884,
    892,
    893,
    896,
    899,
    901,
    902,
    904,
    907,
    914,
    917,
    918,
    924,
    925,
    936,
    938,
    941,
    942,
    947,
    948,
    959,
    963,
    973,
    974,
    975,
    977,
    978,
    985,
    986,
    989,
    994,
    995,
    998
  ],
  "shot_indices": [
    4,
    8,
    13,
    40,
    41,
    58,
    71,
    80,
    87,
    89,
    95,
    99,
    102,
    106,
    108,
    112,
    116,
    117,
    118,
    122,
    133,
    152,
    161,
    172,
    175,
    187,
    188,
    191,
    211,
    239,
    241,
    293,
    311,
    313,
    316,
    320,
    323,
    326,
    375,
    383,
    386,
    387,
    394,
    406,
    409,
    412,
    433,
    444,
    457,
    458,
    482,
    483,
    487,
    488,
    492,
    500,
    507,
    512,
    523,
    533,
    556,
    560,
    577,
    579,
    581,
    585,
    606,
    622,
    639,
    653,
    683,
    703,
    712,
    724,
    726,
    727,
    759,
    760,
    769,
    771,
    786,
    812,
    813,
    846,
    869,
    873,
    886,
    887,
    928,
    931,
    939,
    945,
    951,
    952,
    953,
    960,
    969,
    981,
    992,
    993
  ],
  "shot_template_indices": [
    4,
    8,
    13,
    40,
    41,
    52,
    63,
    72,
    79,
    81,
    86,
    90,
    93,
    97,
    99,
    102,
    106,
    107,
    108,
    112,
    121,
    136,
    145,
    156,
    159,
    171,
    172,
    175,
    190,
    214,
    215,
    264,
    281,
    283,
    286,
    290,
    293,
    296,
    343,
    351,
    354,
    355,
    359,
    370,
    373,
    375,
    393,
    403,
    415,
    416,
    439,
    440,
    444,
    445,
    449,
    457,
    463,
    468,
    476,
    486,
    506,
    510,
    525,
    527,
    529,
    532,
    552,
    566,
    581,
    594,
    621,
    641,
    650,
    660,
    661,
    662,
    691,
    692,
    701,
    703,
    715,
    739,
    740,
    769,
    791,
    794,
    805,
    806,
    843,
    846,
    854,
    860,
    864,
    865,
    866,
    871,
    880,
    888,
    899,
    900
  ],
  "support_strategy": "shared_stim_intersection",
  "n_support_candidates": 907,
  "n_support_pool": 677,
  "fine_tune": false,
  "mode": "few_shot",
  "eval_split_seed": 42,
  "eval_split_size": 250,
  "eval_split_source": "loaded",
  "eval_split_path": "outputs/shared_space_clip_dinov2_v2/eval_splits/sub07_fixed_eval_split.npz",
  "atlas_labeled_fraction": 0.8921305787730642,
  "atlas_n_parcels_present": 34,
  "atlas_n_parcels_expected": 34,
  "noise_ceiling_median": 0.2565179467201233,
  "noise_ceiling_mean": 0.26548904180526733,
  "n_voxels_nc_ge_0": 12682,
  "median_r_nc_ge_0": 0.1616126000881195,
  "mean_r_nc_ge_0": 0.17863863706588745,
  "n_voxels_nc_ge_0_1": 11138,
  "median_r_nc_ge_0_1": 0.1855623871088028,
  "mean_r_nc_ge_0_1": 0.19749511778354645,
  "n_voxels_nc_ge_0_3": 4932,
  "median_r_nc_ge_0_3": 0.2891917824745178,
  "mean_r_nc_ge_0_3": 0.2913449704647064
}