{
  "trial_number": 46,
  "value": 0.157555162907,
  "fold_scores": {
    "1": 0.16150863468647003,
    "2": 0.13546080887317657,
    "3": 0.13073226809501648,
    "4": 0.13464485108852386,
    "5": 0.2502218186855316,
    "6": 0.1327625960111618
  },
  "trial_seconds": 79.23749852180481,
  "params": {
    "encoding": {
      "ridge_alpha": 53516.353199109784
    },
    "alignment": {
      "n_components": 25
    }
  }
}