{
  "median_r": 0.16923582553863525,
  "mean_r": 0.1870383471250534,
  "median_pattern_r": 0.5293406248092651,
  "two_vs_two": 0.918,
  "n_shots": 250,
  "n_eval": 250,
  "n_stimuli_total": 1000,
  "seed": 46,
  "eval_split_mode": "fixed",
  "eval_indices": [
    2,
    3,
    10,
    23,
    25,
    29,
    30,
    31,
    33,
    39,
    44,
    49,
    54,
    55,
    59,
    60,
    63,
    65,
    66,
    67,
    70,
    72,
    76,
    77,
    78,
    84,
    86,
    88,
    96,
    101,
    107,
    109,
    110,
    120,
    136,
    137,
    139,
    141,
    158,
    165,
    168,
    174,
    184,
    192,
    198,
    199,
    204,
    208,
    209,
    210,
    213,
    215,
    218,
    221,
    231,
    235,
    237,
    244,
    247,
    249,
    254,
    256,
    259,
    260,
    261,
    265,
    275,
    277,
    280,
    281,
    286,
    289,
    292,
    294,
    296,
    298,
    299,
    305,
    306,
    307,
    309,
    310,
    312,
    314,
    318,
    319,
    321,
    327,
    328,
    331,
    332,
    333,
    344,
    346,
    350,
    351,
    355,
    361,
    363,
    365,
    370,
    371,
    377,
    382,
    408,
    411,
    425,
    429,
    430,
    432,
    436,
    439,
    445,
    451,
    462,
    479,
    481,
    486,
    493,
    494,
    495,
    499,
    513,
    514,
    521,
    522,
    526,
    527,
    528,
    529,
    534,
    535,
    536,
    542,
    543,
    544,
    548,
    549,
    554,
    557,
    559,
    570,
    575,
    578,
    583,
    584,
    589,
    590,
    595,
    596,
    599,
    601,
    604,
    613,
    617,
    621,
    626,
    635,
    636,
    643,
    644,
    649,
    650,
    652,
    655,
    656,
    660,
    662,
    664,
    668,
    670,
    677,
    678,
    679,
    687,
    689,
    692,
    695,
    697,
    708,
    713,
    714,
    716,
    721,
    734,
    737,
    740,
    741,
    749,
    753,
    761,
    764,
    767,
    787,
    799,
    800,
    802,
    810,
    811,
    816,
    820,
    822,
    823,
    824,
    826,
    827,
    829,
    836,
    837,
    845,
    849,
    859,
    865,
    866,
    867,
    879,
    883,
    884,
    892,
    893,
    896,
    899,
    901,
    902,
    904,
    907,
    914,
    917,
    918,
    924,
    925,
    936,
    938,
    941,
    942,
    947,
    948,
    959,
    963,
    973,
    974,
    975,
    977,
    978,
    985,
    986,
    989,
    994,
    995,
    998
  ],
  "shot_indices": [
    0,
    5,
    6,
    8,
    12,
    13,
    15,
    20,
    21,
    22,
    34,
    47,
    52,
    57,
    68,
    73,
    75,
    79,
    80,
    81,
    85,
    87,
    89,
    90,
    98,
    102,
    106,
    111,
    113,
    117,
    119,
    122,
    127,
    128,
    132,
    134,
    142,
    144,
    155,
    156,
    157,
    159,
    160,
    162,
    164,
    175,
    185,
    188,
    189,
    190,
    191,
    196,
    206,
    207,
    211,
    214,
    223,
    225,
    226,
    227,
    228,
    233,
    243,
    245,
    253,
    255,
    266,
    267,
    270,
    272,
    279,
    284,
    287,
    291,
    300,
    303,
    308,
    316,
    323,
    324,
    325,
    326,
    329,
    335,
    336,
    337,
    341,
    347,
    349,
    353,
    364,
    366,
    369,
    372,
    374,
    379,
    380,
    383,
    387,
    390,
    394,
    396,
    397,
    399,
    404,
    407,
    409,
    412,
    416,
    417,
    419,
    426,
    427,
    428,
    433,
    434,
    441,
    444,
    446,
    447,
    457,
    458,
    461,
    463,
    466,
    472,
    474,
    475,
    476,
    483,
    484,
    488,
    489,
    492,
    497,
    502,
    510,
    515,
    517,
    519,
    520,
    523,
    524,
    525,
    533,
    537,
    538,
    540,
    553,
    558,
    567,
    577,
    580,
    587,
    592,
    600,
    608,
    612,
    622,
    628,
    632,
    633,
    640,
    641,
    646,
    653,
    658,
    659,
    666,
    673,
    676,
    683,
    685,
    686,
    688,
    696,
    700,
    701,
    702,
    706,
    710,
    718,
    722,
    723,
    726,
    728,
    731,
    738,
    739,
    742,
    747,
    750,
    755,
    760,
    763,
    765,
    773,
    776,
    777,
    782,
    795,
    798,
    805,
    806,
    807,
    809,
    817,
    825,
    834,
    835,
    838,
    840,
    844,
    847,
    850,
    852,
    854,
    855,
    860,
    861,
    862,
    870,
    873,
    878,
    880,
    881,
    886,
    890,
    897,
    906,
    908,
    913,
    916,
    922,
    923,
    930,
    933,
    937,
    952,
    956,
    960,
    962,
    965,
    966,
    968,
    969,
    981,
    984,
    992,
    993
  ],
  "shot_template_indices": [
    0,
    5,
    6,
    8,
    12,
    13,
    15,
    20,
    21,
    22,
    34,
    45,
    48,
    51,
    60,
    65,
    67,
    71,
    72,
    73,
    77,
    79,
    81,
    82,
    89,
    93,
    97,
    101,
    103,
    107,
    109,
    112,
    115,
    116,
    120,
    122,
    129,
    131,
    139,
    140,
    141,
    143,
    144,
    146,
    148,
    159,
    169,
    172,
    173,
    174,
    175,
    179,
    185,
    186,
    190,
    193,
    202,
    203,
    204,
    205,
    206,
    211,
    217,
    219,
    226,
    228,
    237,
    238,
    241,
    243,
    250,
    255,
    258,
    262,
    270,
    273,
    278,
    286,
    293,
    294,
    295,
    296,
    299,
    304,
    305,
    306,
    310,
    315,
    317,
    321,
    332,
    334,
    337,
    340,
    342,
    347,
    348,
    351,
    355,
    356,
    359,
    360,
    361,
    363,
    368,
    371,
    373,
    375,
    378,
    379,
    381,
    386,
    387,
    388,
    393,
    394,
    400,
    403,
    405,
    406,
    415,
    416,
    419,
    421,
    424,
    429,
    431,
    432,
    433,
    440,
    441,
    445,
    446,
    449,
    454,
    458,
    466,
    470,
    471,
    473,
    474,
    476,
    477,
    478,
    486,
    489,
    490,
    492,
    503,
    508,
    516,
    525,
    528,
    534,
    539,
    547,
    553,
    557,
    566,
    571,
    575,
    576,
    582,
    583,
    588,
    594,
    598,
    599,
    606,
    613,
    615,
    621,
    623,
    624,
    626,
    634,
    638,
    639,
    640,
    644,
    648,
    655,
    658,
    659,
    661,
    663,
    666,
    672,
    673,
    676,
    680,
    683,
    687,
    692,
    695,
    697,
    705,
    708,
    709,
    712,
    723,
    726,
    733,
    734,
    735,
    736,
    743,
    751,
    757,
    758,
    761,
    763,
    767,
    770,
    773,
    775,
    777,
    778,
    783,
    784,
    785,
    792,
    794,
    798,
    800,
    801,
    805,
    807,
    814,
    823,
    825,
    829,
    832,
    837,
    838,
    845,
    848,
    852,
    865,
    868,
    871,
    873,
    876,
    877,
    879,
    880,
    888,
    891,
    899,
    900
  ],
  "support_strategy": "shared_stim_intersection",
  "n_support_candidates": 907,
  "n_support_pool": 677,
  "fine_tune": false,
  "mode": "few_shot",
  "eval_split_seed": 42,
  "eval_split_size": 250,
  "eval_split_source": "loaded",
  "eval_split_path": "outputs/shared_space_clip_dinov2_v2/eval_splits/sub07_fixed_eval_split.npz",
  "atlas_labeled_fraction": 0.8921305787730642,
  "atlas_n_parcels_present": 34,
  "atlas_n_parcels_expected": 34,
  "noise_ceiling_median": 0.2565179467201233,
  "noise_ceiling_mean": 0.26548904180526733,
  "n_voxels_nc_ge_0": 12682,
  "median_r_nc_ge_0": 0.16923582553863525,
  "mean_r_nc_ge_0": 0.1870383471250534,
  "n_voxels_nc_ge_0_1": 11138,
  "median_r_nc_ge_0_1": 0.19253423810005188,
  "mean_r_nc_ge_0_1": 0.20601613819599152,
  "n_voxels_nc_ge_0_3": 4932,
  "median_r_nc_ge_0_3": 0.29584699869155884,
  "mean_r_nc_ge_0_3": 0.29854628443717957
}