{
  "median_r": 0.17477202415466309,
  "mean_r": 0.1919596940279007,
  "median_pattern_r": 0.5402270555496216,
  "two_vs_two": 0.911,
  "n_shots": 500,
  "n_eval": 250,
  "n_stimuli_total": 1000,
  "seed": 43,
  "eval_split_mode": "fixed",
  "eval_indices": [
    2,
    3,
    10,
    23,
    25,
    29,
    30,
    31,
    33,
    39,
    44,
    49,
    54,
    55,
    59,
    60,
    63,
    65,
    66,
    67,
    70,
    72,
    76,
    77,
    78,
    84,
    86,
    88,
    96,
    101,
    107,
    109,
    110,
    120,
    136,
    137,
    139,
    141,
    158,
    165,
    168,
    174,
    184,
    192,
    198,
    199,
    204,
    208,
    209,
    210,
    213,
    215,
    218,
    221,
    231,
    235,
    237,
    244,
    247,
    249,
    254,
    256,
    259,
    260,
    261,
    265,
    275,
    277,
    280,
    281,
    286,
    289,
    292,
    294,
    296,
    298,
    299,
    305,
    306,
    307,
    309,
    310,
    312,
    314,
    318,
    319,
    321,
    327,
    328,
    331,
    332,
    333,
    344,
    346,
    350,
    351,
    355,
    361,
    363,
    365,
    370,
    371,
    377,
    382,
    408,
    411,
    425,
    429,
    430,
    432,
    436,
    439,
    445,
    451,
    462,
    479,
    481,
    486,
    493,
    494,
    495,
    499,
    513,
    514,
    521,
    522,
    526,
    527,
    528,
    529,
    534,
    535,
    536,
    542,
    543,
    544,
    548,
    549,
    554,
    557,
    559,
    570,
    575,
    578,
    583,
    584,
    589,
    590,
    595,
    596,
    599,
    601,
    604,
    613,
    617,
    621,
    626,
    635,
    636,
    643,
    644,
    649,
    650,
    652,
    655,
    656,
    660,
    662,
    664,
    668,
    670,
    677,
    678,
    679,
    687,
    689,
    692,
    695,
    697,
    708,
    713,
    714,
    716,
    721,
    734,
    737,
    740,
    741,
    749,
    753,
    761,
    764,
    767,
    787,
    799,
    800,
    802,
    810,
    811,
    816,
    820,
    822,
    823,
    824,
    826,
    827,
    829,
    836,
    837,
    845,
    849,
    859,
    865,
    866,
    867,
    879,
    883,
    884,
    892,
    893,
    896,
    899,
    901,
    902,
    904,
    907,
    914,
    917,
    918,
    924,
    925,
    936,
    938,
    941,
    942,
    947,
    948,
    959,
    963,
    973,
    974,
    975,
    977,
    978,
    985,
    986,
    989,
    994,
    995,
    998
  ],
  "shot_indices": [
    0,
    1,
    4,
    5,
    6,
    8,
    11,
    12,
    13,
    14,
    15,
    16,
    18,
    20,
    21,
    22,
    24,
    26,
    27,
    32,
    34,
    35,
    36,
    38,
    40,
    41,
    47,
    51,
    52,
    53,
    57,
    62,
    68,
    71,
    73,
    75,
    79,
    80,
    81,
    85,
    89,
    90,
    92,
    94,
    95,
    97,
    98,
    99,
    100,
    102,
    104,
    105,
    106,
    111,
    112,
    114,
    115,
    116,
    118,
    119,
    124,
    131,
    133,
    134,
    135,
    138,
    142,
    144,
    145,
    147,
    152,
    153,
    154,
    155,
    156,
    161,
    162,
    163,
    164,
    166,
    167,
    169,
    171,
    173,
    175,
    176,
    177,
    178,
    180,
    181,
    182,
    183,
    186,
    187,
    189,
    190,
    193,
    195,
    196,
    200,
    201,
    202,
    205,
    206,
    207,
    211,
    214,
    216,
    217,
    219,
    222,
    223,
    228,
    230,
    239,
    242,
    243,
    246,
    250,
    253,
    255,
    257,
    258,
    262,
    263,
    264,
    266,
    267,
    269,
    270,
    272,
    273,
    276,
    278,
    279,
    282,
    283,
    284,
    285,
    287,
    288,
    293,
    300,
    301,
    302,
    303,
    304,
    308,
    311,
    313,
    315,
    316,
    317,
    322,
    324,
    325,
    326,
    329,
    330,
    335,
    337,
    340,
    342,
    345,
    347,
    348,
    352,
    353,
    354,
    356,
    357,
    358,
    359,
    362,
    364,
    367,
    368,
    369,
    372,
    374,
    375,
    376,
    379,
    383,
    384,
    385,
    387,
    390,
    392,
    394,
    396,
    397,
    398,
    399,
    400,
    401,
    402,
    404,
    406,
    407,
    412,
    413,
    417,
    418,
    419,
    420,
    421,
    424,
    426,
    427,
    428,
    431,
    434,
    435,
    437,
    438,
    441,
    442,
    446,
    447,
    452,
    455,
    456,
    457,
    458,
    459,
    460,
    461,
    463,
    465,
    466,
    468,
    470,
    471,
    472,
    473,
    474,
    475,
    477,
    480,
    482,
    483,
    484,
    485,
    487,
    488,
    489,
    490,
    491,
    497,
    500,
    502,
    503,
    504,
    505,
    506,
    507,
    508,
    510,
    511,
    515,
    517,
    518,
    519,
    520,
    523,
    525,
    531,
    532,
    538,
    539,
    540,
    541,
    545,
    546,
    550,
    552,
    556,
    560,
    562,
    563,
    564,
    565,
    567,
    568,
    569,
    571,
    572,
    573,
    576,
    577,
    579,
    580,
    581,
    585,
    586,
    587,
    588,
    591,
    592,
    593,
    594,
    600,
    605,
    610,
    611,
    614,
    615,
    618,
    619,
    620,
    623,
    624,
    625,
    628,
    629,
    631,
    632,
    633,
    638,
    640,
    641,
    642,
    645,
    646,
    648,
    653,
    654,
    657,
    658,
    659,
    663,
    665,
    667,
    669,
    671,
    672,
    675,
    680,
    682,
    683,
    684,
    685,
    686,
    688,
    691,
    694,
    696,
    699,
    700,
    701,
    702,
    703,
    704,
    705,
    706,
    709,
    710,
    712,
    715,
    718,
    719,
    720,
    723,
    724,
    726,
    727,
    729,
    730,
    732,
    735,
    736,
    738,
    739,
    742,
    744,
    745,
    747,
    748,
    750,
    751,
    754,
    755,
    756,
    758,
    759,
    760,
    762,
    765,
    766,
    768,
    769,
    771,
    772,
    773,
    774,
    775,
    776,
    778,
    780,
    782,
    783,
    785,
    786,
    789,
    790,
    791,
    792,
    794,
    796,
    797,
    798,
    801,
    804,
    805,
    807,
    809,
    812,
    813,
    815,
    819,
    821,
    825,
    828,
    831,
    833,
    834,
    838,
    839,
    840,
    844,
    846,
    847,
    848,
    850,
    851,
    853,
    854,
    856,
    858,
    860,
    861,
    868,
    870,
    871,
    873,
    875,
    876,
    877,
    878,
    881,
    887,
    890,
    891,
    894,
    895,
    897,
    898,
    900,
    903,
    908,
    909,
    911,
    912,
    913,
    919,
    921,
    922,
    923,
    926,
    928,
    929,
    930,
    931,
    932,
    933,
    934,
    935,
    937,
    939,
    940,
    943,
    945,
    951,
    952,
    953,
    955,
    956,
    958,
    961,
    965,
    967,
    969,
    972,
    979,
    982,
    984,
    987,
    988,
    996
  ],