{
  "median_r": 0.1753641664981842,
  "mean_r": 0.19159017503261566,
  "median_pattern_r": 0.5380891561508179,
  "two_vs_two": 0.913,
  "n_shots": 500,
  "n_eval": 250,
  "n_stimuli_total": 1000,
  "seed": 44,
  "eval_split_mode": "fixed",
  "eval_indices": [
    2,
    3,
    10,
    23,
    25,
    29,
    30,
    31,
    33,
    39,
    44,
    49,
    54,
    55,
    59,
    60,
    63,
    65,
    66,
    67,
    70,
    72,
    76,
    77,
    78,
    84,
    86,
    88,
    96,
    101,
    107,
    109,
    110,
    120,
    136,
    137,
    139,
    141,
    158,
    165,
    168,
    174,
    184,
    192,
    198,
    199,
    204,
    208,
    209,
    210,
    213,
    215,
    218,
    221,
    231,
    235,
    237,
    244,
    247,
    249,
    254,
    256,
    259,
    260,
    261,
    265,
    275,
    277,
    280,
    281,
    286,
    289,
    292,
    294,
    296,
    298,
    299,
    305,
    306,
    307,
    309,
    310,
    312,
    314,
    318,
    319,
    321,
    327,
    328,
    331,
    332,
    333,
    344,
    346,
    350,
    351,
    355,
    361,
    363,
    365,
    370,
    371,
    377,
    382,
    408,
    411,
    425,
    429,
    430,
    432,
    436,
    439,
    445,
    451,
    462,
    479,
    481,
    486,
    493,
    494,
    495,
    499,
    513,
    514,
    521,
    522,
    526,
    527,
    528,
    529,
    534,
    535,
    536,
    542,
    543,
    544,
    548,
    549,
    554,
    557,
    559,
    570,
    575,
    578,
    583,
    584,
    589,
    590,
    595,
    596,
    599,
    601,
    604,
    613,
    617,
    621,
    626,
    635,
    636,
    643,
    644,
    649,
    650,
    652,
    655,
    656,
    660,
    662,
    664,
    668,
    670,
    677,
    678,
    679,
    687,
    689,
    692,
    695,
    697,
    708,
    713,
    714,
    716,
    721,
    734,
    737,
    740,
    741,
    749,
    753,
    761,
    764,
    767,
    787,
    799,
    800,
    802,
    810,
    811,
    816,
    820,
    822,
    823,
    824,
    826,
    827,
    829,
    836,
    837,
    845,
    849,
    859,
    865,
    866,
    867,
    879,
    883,
    884,
    892,
    893,
    896,
    899,
    901,
    902,
    904,
    907,
    914,
    917,
    918,
    924,
    925,
    936,
    938,
    941,
    942,
    947,
    948,
    959,
    963,
    973,
    974,
    975,
    977,
    978,
    985,
    986,
    989,
    994,
    995,
    998
  ],
  "shot_indices": [
    0,
    1,
    4,
    5,
    7,
    8,
    9,
    11,
    12,
    15,
    18,
    19,
    20,
    22,
    24,
    32,
    36,
    37,
    38,
    40,
    42,
    45,
    47,
    51,
    52,
    53,
    57,
    62,
    68,
    69,
    71,
    73,
    74,
    75,
    80,
    81,
    82,
    83,
    85,
    87,
    89,
    90,
    95,
    97,
    98,
    99,
    100,
    102,
    103,
    104,
    105,
    106,
    108,
    111,
    113,
    114,
    116,
    117,
    118,
    119,
    121,
    122,
    124,
    125,
    128,
    130,
    131,
    133,
    134,
    138,
    142,
    143,
    145,
    147,
    150,
    153,
    156,
    157,
    159,
    160,
    162,
    163,
    164,
    166,
    167,
    169,
    170,
    171,
    172,
    173,
    177,
    178,
    179,
    180,
    181,
    186,
    187,
    188,
    189,
    190,
    191,
    193,
    195,
    200,
    202,
    205,
    206,
    211,
    212,
    216,
    217,
    219,
    222,
    223,
    225,
    226,
    227,
    228,
    230,
    233,
    238,
    239,
    242,
    243,
    246,
    248,
    252,
    253,
    257,
    258,
    262,
    266,
    267,
    268,
    269,
    270,
    271,
    272,
    273,
    274,
    276,
    278,
    279,
    282,
    283,
    284,
    287,
    288,
    290,
    293,
    297,
    300,
    301,
    302,
    303,
    304,
    308,
    311,
    316,
    317,
    320,
    323,
    324,
    325,
    326,
    329,
    330,
    335,
    337,
    338,
    339,
    342,
    345,
    347,
    348,
    349,
    352,
    356,
    357,
    358,
    360,
    362,
    364,
    366,
    367,
    368,
    369,
    373,
    375,
    376,
    378,
    379,
    380,
    381,
    383,
    385,
    392,
    394,
    396,
    397,
    398,
    399,
    400,
    401,
    402,
    403,
    404,
    405,
    406,
    407,
    409,
    412,
    413,
    414,
    416,
    417,
    418,
    419,
    421,
    427,
    428,
    431,
    433,
    434,
    435,
    437,
    438,
    441,
    442,
    443,
    444,
    446,
    447,
    448,
    449,
    453,
    454,
    455,
    457,
    460,
    461,
    464,
    465,
    466,
    468,
    469,
    470,
    471,
    472,
    473,
    474,
    475,
    478,
    482,
    484,
    487,
    488,
    490,
    496,
    497,
    498,
    500,
    502,
    504,
    505,
    507,
    508,
    510,
    511,
    512,
    515,
    517,
    518,
    520,
    523,
    525,
    530,
    531,
    532,
    533,
    537,
    538,
    539,
    541,
    546,
    550,
    551,
    553,
    555,
    556,
    558,
    560,
    562,
    563,
    565,
    566,
    567,
    569,
    571,
    572,
    573,
    576,
    577,
    579,
    580,
    581,
    586,
    588,
    591,
    592,
    594,
    597,
    603,
    606,
    608,
    609,
    610,
    611,
    612,
    614,
    619,
    620,
    622,
    623,
    625,
    628,
    629,
    630,
    631,
    632,
    633,
    639,
    641,
    642,
    645,
    648,
    651,
    653,
    657,
    658,
    661,
    663,
    665,
    666,
    667,
    671,
    672,
    673,
    675,
    680,
    683,
    684,
    688,
    690,
    696,
    698,
    701,
    702,
    704,
    705,
    706,
    707,
    710,
    712,
    715,
    717,
    720,
    723,
    724,
    726,
    727,
    728,
    730,
    731,
    732,
    736,
    738,
    739,
    742,
    744,
    747,
    750,
    755,
    756,
    757,
    758,
    759,
    760,
    763,
    766,
    768,
    769,
    770,
    771,
    772,
    774,
    775,
    776,
    778,
    780,
    782,
    788,
    790,
    792,
    794,
    796,
    797,
    798,
    801,
    803,
    805,
    807,
    812,
    813,
    815,
    817,
    818,
    821,
    825,
    831,
    833,
    835,
    838,
    841,
    844,
    846,
    850,
    851,
    852,
    853,
    855,
    857,
    858,
    860,
    861,
    863,
    869,
    870,
    871,
    873,
    876,
    877,
    878,
    880,
    882,
    886,
    887,
    890,
    891,
    894,
    895,
    898,
    900,
    903,
    905,
    906,
    909,
    911,
    915,
    916,
    919,
    921,
    926,
    927,
    928,
    930,
    931,
    932,
    933,
    937,
    939,
    940,
    943,
    945,
    946,
    951,
    952,
    953,
    955,
    958,
    960,
    964,
    965,
    966,
    967,
    968,
    969,
    970,
    972,
    979,
    981,
    982,
    983,
    984,
    987,
    990,
    992,
    996,
    997,
    999
  ],