{
  "median_r": 0.17388875782489777,
  "mean_r": 0.19032695889472961,
  "median_pattern_r": 0.5447754859924316,
  "two_vs_two": 0.916,
  "n_shots": 500,
  "n_eval": 250,
  "n_stimuli_total": 1000,
  "seed": 46,
  "eval_split_mode": "fixed",
  "eval_indices": [
    2,
    3,
    10,
    23,
    25,
    29,
    30,
    31,
    33,
    39,
    44,
    49,
    54,
    55,
    59,
    60,
    63,
    65,
    66,
    67,
    70,
    72,
    76,
    77,
    78,
    84,
    86,
    88,
    96,
    101,
    107,
    109,
    110,
    120,
    136,
    137,
    139,
    141,
    158,
    165,
    168,
    174,
    184,
    192,
    198,
    199,
    204,
    208,
    209,
    210,
    213,
    215,
    218,
    221,
    231,
    235,
    237,
    244,
    247,
    249,
    254,
    256,
    259,
    260,
    261,
    265,
    275,
    277,
    280,
    281,
    286,
    289,
    292,
    294,
    296,
    298,
    299,
    305,
    306,
    307,
    309,
    310,
    312,
    314,
    318,
    319,
    321,
    327,
    328,
    331,
    332,
    333,
    344,
    346,
    350,
    351,
    355,
    361,
    363,
    365,
    370,
    371,
    377,
    382,
    408,
    411,
    425,
    429,
    430,
    432,
    436,
    439,
    445,
    451,
    462,
    479,
    481,
    486,
    493,
    494,
    495,
    499,
    513,
    514,
    521,
    522,
    526,
    527,
    528,
    529,
    534,
    535,
    536,
    542,
    543,
    544,
    548,
    549,
    554,
    557,
    559,
    570,
    575,
    578,
    583,
    584,
    589,
    590,
    595,
    596,
    599,
    601,
    604,
    613,
    617,
    621,
    626,
    635,
    636,
    643,
    644,
    649,
    650,
    652,
    655,
    656,
    660,
    662,
    664,
    668,
    670,
    677,
    678,
    679,
    687,
    689,
    692,
    695,
    697,
    708,
    713,
    714,
    716,
    721,
    734,
    737,
    740,
    741,
    749,
    753,
    761,
    764,
    767,
    787,
    799,
    800,
    802,
    810,
    811,
    816,
    820,
    822,
    823,
    824,
    826,
    827,
    829,
    836,
    837,
    845,
    849,
    859,
    865,
    866,
    867,
    879,
    883,
    884,
    892,
    893,
    896,
    899,
    901,
    902,
    904,
    907,
    914,
    917,
    918,
    924,
    925,
    936,
    938,
    941,
    942,
    947,
    948,
    959,
    963,
    973,
    974,
    975,
    977,
    978,
    985,
    986,
    989,
    994,
    995,
    998
  ],
  "shot_indices": [
    0,
    1,
    4,
    5,
    6,
    7,
    8,
    9,
    11,
    12,
    13,
    14,
    15,
    17,
    18,
    20,
    21,
    22,
    24,
    34,
    35,
    36,
    38,
    41,
    42,
    45,
    47,
    51,
    52,
    53,
    57,
    58,
    68,
    69,
    73,
    75,
    79,
    80,
    81,
    82,
    83,
    85,
    87,
    89,
    90,
    95,
    98,
    100,
    102,
    103,
    105,
    106,
    108,
    111,
    113,
    114,
    116,
    117,
    118,
    119,
    122,
    124,
    127,
    128,
    129,
    132,
    134,
    142,
    144,
    152,
    153,
    154,
    155,
    156,
    157,
    159,
    160,
    162,
    163,
    164,
    166,
    167,
    169,
    170,
    173,
    175,
    176,
    177,
    178,
    179,
    180,
    183,
    185,
    186,
    187,
    188,
    189,
    190,
    191,
    193,
    195,
    196,
    200,
    205,
    206,
    207,
    211,
    214,
    217,
    219,
    220,
    223,
    225,
    226,
    227,
    228,
    233,
    238,
    242,
    243,
    245,
    248,
    252,
    253,
    255,
    257,
    258,
    262,
    263,
    264,
    266,
    267,
    269,
    270,
    271,
    272,
    273,
    276,
    279,
    282,
    283,
    284,
    285,
    287,
    288,
    291,
    293,
    300,
    301,
    303,
    304,
    308,
    315,
    316,
    317,
    320,
    323,
    324,
    325,
    326,
    329,
    335,
    336,
    337,
    338,
    339,
    340,
    341,
    342,
    345,
    347,
    348,
    349,
    352,
    353,
    354,
    356,
    357,
    358,
    362,
    364,
    366,
    368,
    369,
    372,
    374,
    375,
    376,
    378,
    379,
    380,
    381,
    383,
    385,
    387,
    390,
    391,
    394,
    396,
    397,
    398,
    399,
    400,
    404,
    405,
    406,
    407,
    409,
    412,
    413,
    414,
    416,
    417,
    418,
    419,
    420,
    424,
    426,
    427,
    428,
    433,
    434,
    437,
    438,
    441,
    443,
    444,
    446,
    447,
    448,
    449,
    453,
    454,
    455,
    456,
    457,
    458,
    461,
    463,
    465,
    466,
    468,
    470,
    472,
    473,
    474,
    475,
    476,
    482,
    483,
    484,
    488,
    489,
    492,
    496,
    497,
    498,
    500,
    502,
    503,
    505,
    506,
    507,
    508,
    509,
    510,
    515,
    517,
    519,
    520,
    523,
    524,
    525,
    530,
    532,
    533,
    537,
    538,
    539,
    540,
    546,
    550,
    551,
    552,
    553,
    555,
    556,
    558,
    560,
    563,
    567,
    571,
    572,
    573,
    576,
    577,
    579,
    580,
    581,
    587,
    592,
    598,
    600,
    608,
    609,
    610,
    611,
    612,
    615,
    616,
    618,
    620,
    622,
    623,
    624,
    625,
    628,
    629,
    630,
    632,
    633,
    638,
    639,
    640,
    641,
    645,
    646,
    653,
    658,
    659,
    663,
    665,
    666,
    669,
    671,
    673,
    675,
    676,
    680,
    682,
    683,
    684,
    685,
    686,
    688,
    690,
    691,
    693,
    694,
    696,
    698,
    700,
    701,
    702,
    703,
    704,
    706,
    710,
    711,
    712,
    715,
    717,
    718,
    720,
    722,
    723,
    724,
    726,
    727,
    728,
    730,
    731,
    732,
    735,
    738,
    739,
    742,
    744,
    745,
    747,
    750,
    754,
    755,
    756,
    757,
    758,
    760,
    762,
    763,
    765,
    766,
    768,
    769,
    770,
    771,
    772,
    773,
    775,
    776,
    777,
    778,
    782,
    783,
    789,
    790,
    791,
    794,
    795,
    796,
    797,
    798,
    801,
    805,
    806,
    807,
    809,
    812,
    813,
    817,
    821,
    825,
    833,
    834,
    835,
    838,
    839,
    840,
    842,
    844,
    847,
    848,
    850,
    852,
    853,
    854,
    855,
    856,
    857,
    858,
    860,
    861,
    862,
    869,
    870,
    871,
    873,
    875,
    876,
    878,
    880,
    881,
    882,
    886,
    890,
    895,
    897,
    898,
    900,
    905,
    906,
    908,
    911,
    912,
    913,
    916,
    919,
    922,
    923,
    927,
    928,
    930,
    932,
    933,
    934,
    935,
    937,
    939,
    940,
    944,
    945,
    952,
    953,
    956,
    958,
    960,
    962,
    964,
    965,
    966,
    968,
    969,
    981,
    983,
    984,
    988,
    992,
    993,
    996,
    997,
    999
  ],