{
  "median_r": 0.14434342086315155,
  "mean_r": 0.16737759113311768,
  "median_pattern_r": 0.35826075077056885,
  "two_vs_two": 0.906,
  "n_shots": 50,
  "n_eval": 250,
  "n_stimuli_total": 1000,
  "seed": 44,
  "eval_split_mode": "fixed",
  "eval_indices": [
    2,
    3,
    10,
    23,
    25,
    29,
    30,
    31,
    33,
    39,
    44,
    49,
    54,
    55,
    59,
    60,
    63,
    65,
    66,
    67,
    70,
    72,
    76,
    77,
    78,
    84,
    86,
    88,
    96,
    101,
    107,
    109,
    110,
    120,
    136,
    137,
    139,
    141,
    158,
    165,
    168,
    174,
    184,
    192,
    198,
    199,
    204,
    208,
    209,
    210,
    213,
    215,
    218,
    221,
    231,
    235,
    237,
    244,
    247,
    249,
    254,
    256,
    259,
    260,
    261,
    265,
    275,
    277,
    280,
    281,
    286,
    289,
    292,
    294,
    296,
    298,
    299,
    305,
    306,
    307,
    309,
    310,
    312,
    314,
    318,
    319,
    321,
    327,
    328,
    331,
    332,
    333,
    344,
    346,
    350,
    351,
    355,
    361,
    363,
    365,
    370,
    371,
    377,
    382,
    408,
    411,
    425,
    429,
    430,
    432,
    436,
    439,
    445,
    451,
    462,
    479,
    481,
    486,
    493,
    494,
    495,
    499,
    513,
    514,
    521,
    522,
    526,
    527,
    528,
    529,
    534,
    535,
    536,
    542,
    543,
    544,
    548,
    549,
    554,
    557,
    559,
    570,
    575,
    578,
    583,
    584,
    589,
    590,
    595,
    596,
    599,
    601,
    604,
    613,
    617,
    621,
    626,
    635,
    636,
    643,
    644,
    649,
    650,
    652,
    655,
    656,
    660,
    662,
    664,
    668,
    670,
    677,
    678,
    679,
    687,
    689,
    692,
    695,
    697,
    708,
    713,
    714,
    716,
    721,
    734,
    737,
    740,
    741,
    749,
    753,
    761,
    764,
    767,
    787,
    799,
    800,
    802,
    810,
    811,
    816,
    820,
    822,
    823,
    824,
    826,
    827,
    829,
    836,
    837,
    845,
    849,
    859,
    865,
    866,
    867,
    879,
    883,
    884,
    892,
    893,
    896,
    899,
    901,
    902,
    904,
    907,
    914,
    917,
    918,
    924,
    925,
    936,
    938,
    941,
    942,
    947,
    948,
    959,
    963,
    973,
    974,
    975,
    977,
    978,
    985,
    986,
    989,
    994,
    995,
    998
  ],
  "shot_indices": [
    7,
    85,
    104,
    105,
    114,
    118,
    121,
    122,
    172,
    178,
    195,
    200,
    223,
    230,
    242,
    258,
    279,
    288,
    300,
    330,
    356,
    358,
    416,
    447,
    473,
    484,
    496,
    498,
    508,
    510,
    553,
    563,
    625,
    629,
    663,
    665,
    675,
    680,
    702,
    724,
    744,
    755,
    776,
    831,
    853,
    870,
    909,
    919,
    931,
    952
  ],
  "shot_template_indices": [
    7,
    77,
    95,
    96,
    104,
    108,
    111,
    112,
    156,
    162,
    178,
    181,
    202,
    208,
    216,
    231,
    250,
    259,
    270,
    300,
    324,
    326,
    378,
    406,
    430,
    441,
    453,
    455,
    464,
    466,
    503,
    512,
    569,
    572,
    603,
    605,
    614,
    619,
    640,
    660,
    677,
    687,
    708,
    755,
    776,
    792,
    826,
    835,
    846,
    865
  ],
  "support_strategy": "shared_stim_intersection",
  "n_support_candidates": 907,
  "n_support_pool": 677,
  "fine_tune": false,
  "mode": "few_shot",
  "eval_split_seed": 42,
  "eval_split_size": 250,
  "eval_split_source": "loaded",
  "eval_split_path": "outputs/shared_space_clip_dinov2_v2/eval_splits/sub07_fixed_eval_split.npz",
  "atlas_labeled_fraction": 0.8921305787730642,
  "atlas_n_parcels_present": 34,
  "atlas_n_parcels_expected": 34,
  "noise_ceiling_median": 0.2565179467201233,
  "noise_ceiling_mean": 0.26548904180526733,
  "n_voxels_nc_ge_0": 12682,
  "median_r_nc_ge_0": 0.14434342086315155,
  "mean_r_nc_ge_0": 0.16737759113311768,
  "n_voxels_nc_ge_0_1": 11138,
  "median_r_nc_ge_0_1": 0.1660112738609314,
  "mean_r_nc_ge_0_1": 0.18438275158405304,
  "n_voxels_nc_ge_0_3": 4932,
  "median_r_nc_ge_0_3": 0.265173077583313,
  "mean_r_nc_ge_0_3": 0.2708858251571655
}