{
  "median_r": 0.17480254173278809,
  "mean_r": 0.19163095951080322,
  "median_pattern_r": 0.5226656198501587,
  "two_vs_two": 0.914,
  "n_shots": 250,
  "n_eval": 250,
  "n_stimuli_total": 1000,
  "seed": 44,
  "eval_split_mode": "fixed",
  "eval_indices": [
    2,
    3,
    10,
    23,
    25,
    29,
    30,
    31,
    33,
    39,
    44,
    49,
    54,
    55,
    59,
    60,
    63,
    65,
    66,
    67,
    70,
    72,
    76,
    77,
    78,
    84,
    86,
    88,
    96,
    101,
    107,
    109,
    110,
    120,
    136,
    137,
    139,
    141,
    158,
    165,
    168,
    174,
    184,
    192,
    198,
    199,
    204,
    208,
    209,
    210,
    213,
    215,
    218,
    221,
    231,
    235,
    237,
    244,
    247,
    249,
    254,
    256,
    259,
    260,
    261,
    265,
    275,
    277,
    280,
    281,
    286,
    289,
    292,
    294,
    296,
    298,
    299,
    305,
    306,
    307,
    309,
    310,
    312,
    314,
    318,
    319,
    321,
    327,
    328,
    331,
    332,
    333,
    344,
    346,
    350,
    351,
    355,
    361,
    363,
    365,
    370,
    371,
    377,
    382,
    408,
    411,
    425,
    429,
    430,
    432,
    436,
    439,
    445,
    451,
    462,
    479,
    481,
    486,
    493,
    494,
    495,
    499,
    513,
    514,
    521,
    522,
    526,
    527,
    528,
    529,
    534,
    535,
    536,
    542,
    543,
    544,
    548,
    549,
    554,
    557,
    559,
    570,
    575,
    578,
    583,
    584,
    589,
    590,
    595,
    596,
    599,
    601,
    604,
    613,
    617,
    621,
    626,
    635,
    636,
    643,
    644,
    649,
    650,
    652,
    655,
    656,
    660,
    662,
    664,
    668,
    670,
    677,
    678,
    679,
    687,
    689,
    692,
    695,
    697,
    708,
    713,
    714,
    716,
    721,
    734,
    737,
    740,
    741,
    749,
    753,
    761,
    764,
    767,
    787,
    799,
    800,
    802,
    810,
    811,
    816,
    820,
    822,
    823,
    824,
    826,
    827,
    829,
    836,
    837,
    845,
    849,
    859,
    865,
    866,
    867,
    879,
    883,
    884,
    892,
    893,
    896,
    899,
    901,
    902,
    904,
    907,
    914,
    917,
    918,
    924,
    925,
    936,
    938,
    941,
    942,
    947,
    948,
    959,
    963,
    973,
    974,
    975,
    977,
    978,
    985,
    986,
    989,
    994,
    995,
    998
  ],
  "shot_indices": [
    5,
    7,
    19,
    45,
    51,
    52,
    53,
    57,
    69,
    73,
    74,
    80,
    81,
    85,
    97,
    99,
    100,
    103,
    104,
    105,
    106,
    111,
    114,
    116,
    118,
    121,
    122,
    124,
    125,
    128,
    130,
    131,
    134,
    138,
    150,
    153,
    159,
    162,
    164,
    166,
    167,
    169,
    170,
    171,
    172,
    177,
    178,
    186,
    187,
    189,
    190,
    191,
    195,
    200,
    202,
    211,
    223,
    228,
    230,
    233,
    238,
    242,
    253,
    258,
    262,
    267,
    268,
    272,
    276,
    279,
    282,
    287,
    288,
    290,
    300,
    302,
    304,
    308,
    317,
    320,
    323,
    324,
    329,
    330,
    345,
    347,
    348,
    349,
    352,
    356,
    357,
    358,
    362,
    364,
    366,
    367,
    369,
    375,
    378,
    380,
    383,
    396,
    397,
    400,
    403,
    405,
    413,
    414,
    416,
    417,
    418,
    419,
    421,
    437,
    438,
    441,
    443,
    447,
    455,
    460,
    461,
    468,
    473,
    484,
    488,
    496,
    497,
    498,
    500,
    502,
    504,
    507,
    508,
    510,
    512,
    517,
    520,
    525,
    531,
    539,
    541,
    546,
    550,
    553,
    556,
    562,
    563,
    565,
    566,
    567,
    571,
    576,
    577,
    581,
    586,
    592,
    603,
    609,
    610,
    611,
    612,
    620,
    622,
    623,
    625,
    628,
    629,
    633,
    641,
    642,
    648,
    663,
    665,
    672,
    675,
    680,
    683,
    690,
    698,
    702,
    704,
    712,
    717,
    720,
    724,
    726,
    727,
    744,
    755,
    756,
    758,
    759,
    766,
    769,
    770,
    772,
    775,
    776,
    780,
    790,
    792,
    796,
    798,
    803,
    807,
    812,
    813,
    817,
    818,
    821,
    825,
    831,
    833,
    835,
    838,
    841,
    851,
    853,
    860,
    861,
    870,
    871,
    877,
    878,
    882,
    886,
    887,
    891,
    895,
    898,
    900,
    909,
    911,
    916,
    919,
    931,
    933,
    939,
    945,
    946,
    951,
    952,
    965,
    968,
    982,
    983,
    990,
    996,
    997,
    999
  ],
  "shot_template_indices": [
    5,
    7,
    19,
    44,
    47,
    48,
    49,
    51,
    61,
    65,
    66,
    72,
    73,
    77,
    88,
    90,
    91,
    94,
    95,
    96,
    97,
    101,
    104,
    106,
    108,
    111,
    112,
    113,
    114,
    116,
    118,
    119,
    122,
    126,
    135,
    137,
    143,
    146,
    148,
    150,
    151,
    153,
    154,
    155,
    156,
    161,
    162,
    170,
    171,
    173,
    174,
    175,
    178,
    181,
    183,
    190,
    202,
    206,
    208,
    211,
    213,
    216,
    226,
    231,
    234,
    238,
    239,
    243,
    247,
    250,
    253,
    258,
    259,
    261,
    270,
    272,
    274,
    278,
    287,
    290,
    293,
    294,
    299,
    300,
    313,
    315,
    316,
    317,
    320,
    324,
    325,
    326,
    330,
    332,
    334,
    335,
    337,
    343,
    346,
    348,
    351,
    360,
    361,
    364,
    367,
    369,
    376,
    377,
    378,
    379,
    380,
    381,
    383,
    397,
    398,
    400,
    402,
    406,
    413,
    418,
    419,
    425,
    430,
    441,
    445,
    453,
    454,
    455,
    457,
    458,
    460,
    463,
    464,
    466,
    468,
    471,
    474,
    478,
    484,
    491,
    493,
    498,
    500,
    503,
    506,
    511,
    512,
    514,
    515,
    516,
    520,
    524,
    525,
    529,
    533,
    539,
    549,
    554,
    555,
    556,
    557,
    564,
    566,
    567,
    569,
    571,
    572,
    576,
    583,
    584,
    589,
    603,
    605,
    612,
    614,
    619,
    621,
    628,
    636,
    640,
    642,
    650,
    654,
    657,
    660,
    661,
    662,
    677,
    687,
    688,
    690,
    691,
    698,
    701,
    702,
    704,
    707,
    708,
    711,
    719,
    721,
    724,
    726,
    731,
    735,
    739,
    740,
    743,
    744,
    747,
    751,
    755,
    756,
    758,
    761,
    764,
    774,
    776,
    783,
    784,
    792,
    793,
    797,
    798,
    802,
    805,
    806,
    808,
    812,
    815,
    817,
    826,
    827,
    832,
    835,
    846,
    848,
    854,
    860,
    861,
    864,
    865,
    876,
    879,
    889,
    890,
    897,
    903,
    904,
    906
  ],
  "support_strategy": "shared_stim_intersection",
  "n_support_candidates": 907,
  "n_support_pool": 677,
  "fine_tune": false,
  "mode": "few_shot",
  "eval_split_seed": 42,
  "eval_split_size": 250,
  "eval_split_source": "loaded",
  "eval_split_path": "outputs/shared_space_clip_dinov2_v2/eval_splits/sub07_fixed_eval_split.npz",
  "atlas_labeled_fraction": 0.8921305787730642,
  "atlas_n_parcels_present": 34,
  "atlas_n_parcels_expected": 34,
  "noise_ceiling_median": 0.2565179467201233,
  "noise_ceiling_mean": 0.26548904180526733,
  "n_voxels_nc_ge_0": 12682,
  "median_r_nc_ge_0": 0.17480254173278809,
  "mean_r_nc_ge_0": 0.19163095951080322,
  "n_voxels_nc_ge_0_1": 11138,
  "median_r_nc_ge_0_1": 0.1977163553237915,
  "mean_r_nc_ge_0_1": 0.2105586677789688,
  "n_voxels_nc_ge_0_3": 4932,
  "median_r_nc_ge_0_3": 0.2989426553249359,
  "mean_r_nc_ge_0_3": 0.3008684515953064
}