{
  "median_r": 0.15353266894817352,
  "mean_r": 0.17325875163078308,
  "median_pattern_r": 0.4002780318260193,
  "two_vs_two": 0.922,
  "n_shots": 100,
  "n_eval": 250,
  "n_stimuli_total": 1000,
  "seed": 45,
  "eval_split_mode": "fixed",
  "eval_indices": [
    2,
    3,
    10,
    23,
    25,
    29,
    30,
    31,
    33,
    39,
    44,
    49,
    54,
    55,
    59,
    60,
    63,
    65,
    66,
    67,
    70,
    72,
    76,
    77,
    78,
    84,
    86,
    88,
    96,
    101,
    107,
    109,
    110,
    120,
    136,
    137,
    139,
    141,
    158,
    165,
    168,
    174,
    184,
    192,
    198,
    199,
    204,
    208,
    209,
    210,
    213,
    215,
    218,
    221,
    231,
    235,
    237,
    244,
    247,
    249,
    254,
    256,
    259,
    260,
    261,
    265,
    275,
    277,
    280,
    281,
    286,
    289,
    292,
    294,
    296,
    298,
    299,
    305,
    306,
    307,
    309,
    310,
    312,
    314,
    318,
    319,
    321,
    327,
    328,
    331,
    332,
    333,
    344,
    346,
    350,
    351,
    355,
    361,
    363,
    365,
    370,
    371,
    377,
    382,
    408,
    411,
    425,
    429,
    430,
    432,
    436,
    439,
    445,
    451,
    462,
    479,
    481,
    486,
    493,
    494,
    495,
    499,
    513,
    514,
    521,
    522,
    526,
    527,
    528,
    529,
    534,
    535,
    536,
    542,
    543,
    544,
    548,
    549,
    554,
    557,
    559,
    570,
    575,
    578,
    583,
    584,
    589,
    590,
    595,
    596,
    599,
    601,
    604,
    613,
    617,
    621,
    626,
    635,
    636,
    643,
    644,
    649,
    650,
    652,
    655,
    656,
    660,
    662,
    664,
    668,
    670,
    677,
    678,
    679,
    687,
    689,
    692,
    695,
    697,
    708,
    713,
    714,
    716,
    721,
    734,
    737,
    740,
    741,
    749,
    753,
    761,
    764,
    767,
    787,
    799,
    800,
    802,
    810,
    811,
    816,
    820,
    822,
    823,
    824,
    826,
    827,
    829,
    836,
    837,
    845,
    849,
    859,
    865,
    866,
    867,
    879,
    883,
    884,
    892,
    893,
    896,
    899,
    901,
    902,
    904,
    907,
    914,
    917,
    918,
    924,
    925,
    936,
    938,
    941,
    942,
    947,
    948,
    959,
    963,
    973,
    974,
    975,
    977,
    978,
    985,
    986,
    989,
    994,
    995,
    998
  ],
  "shot_indices": [
    6,
    8,
    12,
    79,
    82,
    99,
    102,
    104,
    116,
    127,
    144,
    149,
    150,
    152,
    179,
    180,
    181,
    183,
    189,
    211,
    214,
    233,
    238,
    255,
    276,
    287,
    304,
    311,
    313,
    322,
    325,
    337,
    345,
    373,
    375,
    383,
    384,
    391,
    398,
    417,
    441,
    452,
    453,
    477,
    496,
    502,
    504,
    506,
    519,
    531,
    537,
    553,
    558,
    560,
    563,
    564,
    585,
    606,
    611,
    614,
    619,
    629,
    631,
    646,
    648,
    663,
    680,
    704,
    710,
    723,
    726,
    730,
    769,
    771,
    772,
    774,
    776,
    791,
    795,
    812,
    838,
    839,
    841,
    854,
    857,
    858,
    863,
    864,
    878,
    886,
    908,
    911,
    915,
    927,
    928,
    932,
    939,
    946,
    982,
    987
  ],
  "shot_template_indices": [
    6,
    8,
    12,
    71,
    74,
    90,
    93,
    95,
    106,
    115,
    131,
    134,
    135,
    136,
    163,
    164,
    165,
    167,
    173,
    190,
    193,
    211,
    213,
    228,
    247,
    258,
    274,
    281,
    283,
    292,
    295,
    306,
    313,
    341,
    343,
    351,
    352,
    357,
    362,
    379,
    400,
    410,
    411,
    434,
    453,
    458,
    460,
    462,
    473,
    484,
    489,
    503,
    508,
    510,
    512,
    513,
    532,
    552,
    556,
    559,
    563,
    572,
    574,
    588,
    589,
    603,
    619,
    642,
    648,
    659,
    661,
    665,
    701,
    703,
    704,
    706,
    708,
    720,
    723,
    739,
    761,
    762,
    764,
    777,
    780,
    781,
    786,
    787,
    798,
    805,
    825,
    827,
    831,
    842,
    843,
    847,
    854,
    861,
    889,
    894
  ],
  "support_strategy": "shared_stim_intersection",
  "n_support_candidates": 907,
  "n_support_pool": 677,
  "fine_tune": false,
  "mode": "few_shot",
  "eval_split_seed": 42,
  "eval_split_size": 250,
  "eval_split_source": "loaded",
  "eval_split_path": "outputs/shared_space_clip_dinov2_v2/eval_splits/sub07_fixed_eval_split.npz",
  "atlas_labeled_fraction": 0.8921305787730642,
  "atlas_n_parcels_present": 34,
  "atlas_n_parcels_expected": 34,
  "noise_ceiling_median": 0.2565179467201233,
  "noise_ceiling_mean": 0.26548904180526733,
  "n_voxels_nc_ge_0": 12682,
  "median_r_nc_ge_0": 0.15353266894817352,
  "mean_r_nc_ge_0": 0.17325875163078308,
  "n_voxels_nc_ge_0_1": 11138,
  "median_r_nc_ge_0_1": 0.17488348484039307,
  "mean_r_nc_ge_0_1": 0.19138871133327484,
  "n_voxels_nc_ge_0_3": 4932,
  "median_r_nc_ge_0_3": 0.27472904324531555,
  "mean_r_nc_ge_0_3": 0.28350433707237244
}