{
  "median_r": 0.1743258386850357,
  "mean_r": 0.19058705866336823,
  "median_pattern_r": 0.547263503074646,
  "two_vs_two": 0.918,
  "n_shots": 500,
  "n_eval": 250,
  "n_stimuli_total": 1000,
  "seed": 42,
  "eval_split_mode": "fixed",
  "eval_indices": [
    2,
    3,
    10,
    23,
    25,
    29,
    30,
    31,
    33,
    39,
    44,
    49,
    54,
    55,
    59,
    60,
    63,
    65,
    66,
    67,
    70,
    72,
    76,
    77,
    78,
    84,
    86,
    88,
    96,
    101,
    107,
    109,
    110,
    120,
    136,
    137,
    139,
    141,
    158,
    165,
    168,
    174,
    184,
    192,
    198,
    199,
    204,
    208,
    209,
    210,
    213,
    215,
    218,
    221,
    231,
    235,
    237,
    244,
    247,
    249,
    254,
    256,
    259,
    260,
    261,
    265,
    275,
    277,
    280,
    281,
    286,
    289,
    292,
    294,
    296,
    298,
    299,
    305,
    306,
    307,
    309,
    310,
    312,
    314,
    318,
    319,
    321,
    327,
    328,
    331,
    332,
    333,
    344,
    346,
    350,
    351,
    355,
    361,
    363,
    365,
    370,
    371,
    377,
    382,
    408,
    411,
    425,
    429,
    430,
    432,
    436,
    439,
    445,
    451,
    462,
    479,
    481,
    486,
    493,
    494,
    495,
    499,
    513,
    514,
    521,
    522,
    526,
    527,
    528,
    529,
    534,
    535,
    536,
    542,
    543,
    544,
    548,
    549,
    554,
    557,
    559,
    570,
    575,
    578,
    583,
    584,
    589,
    590,
    595,
    596,
    599,
    601,
    604,
    613,
    617,
    621,
    626,
    635,
    636,
    643,
    644,
    649,
    650,
    652,
    655,
    656,
    660,
    662,
    664,
    668,
    670,
    677,
    678,
    679,
    687,
    689,
    692,
    695,
    697,
    708,
    713,
    714,
    716,
    721,
    734,
    737,
    740,
    741,
    749,
    753,
    761,
    764,
    767,
    787,
    799,
    800,
    802,
    810,
    811,
    816,
    820,
    822,
    823,
    824,
    826,
    827,
    829,
    836,
    837,
    845,
    849,
    859,
    865,
    866,
    867,
    879,
    883,
    884,
    892,
    893,
    896,
    899,
    901,
    902,
    904,
    907,
    914,
    917,
    918,
    924,
    925,
    936,
    938,
    941,
    942,
    947,
    948,
    959,
    963,
    973,
    974,
    975,
    977,
    978,
    985,
    986,
    989,
    994,
    995,
    998
  ],
  "shot_indices": [
    0,
    4,
    5,
    7,
    8,
    9,
    11,
    12,
    13,
    14,
    15,
    18,
    19,
    20,
    21,
    22,
    27,
    28,
    32,
    34,
    35,
    37,
    38,
    40,
    41,
    45,
    52,
    53,
    57,
    58,
    62,
    68,
    69,
    71,
    73,
    74,
    79,
    80,
    81,
    82,
    87,
    89,
    90,
    92,
    94,
    95,
    97,
    99,
    102,
    103,
    104,
    105,
    106,
    108,
    112,
    113,
    114,
    115,
    116,
    117,
    118,
    119,
    122,
    124,
    125,
    127,
    129,
    131,
    132,
    133,
    135,
    138,
    142,
    144,
    145,
    150,
    152,
    154,
    155,
    159,
    160,
    161,
    162,
    163,
    166,
    167,
    169,
    170,
    171,
    172,
    173,
    175,
    177,
    178,
    179,
    181,
    182,
    187,
    188,
    189,
    191,
    193,
    195,
    200,
    201,
    202,
    205,
    206,
    207,
    211,
    212,
    214,
    216,
    217,
    219,
    220,
    222,
    223,
    225,
    226,
    228,
    229,
    238,
    239,
    241,
    242,
    245,
    246,
    248,
    253,
    255,
    257,
    258,
    262,
    263,
    264,
    266,
    267,
    268,
    269,
    270,
    271,
    272,
    273,
    276,
    279,
    283,
    284,
    285,
    287,
    288,
    290,
    291,
    293,
    300,
    301,
    302,
    308,
    311,
    313,
    315,
    316,
    317,
    320,
    323,
    326,
    330,
    335,
    336,
    339,
    340,
    341,
    342,
    345,
    348,
    353,
    354,
    356,
    357,
    358,
    359,
    367,
    368,
    369,
    372,
    373,
    374,
    375,
    379,
    380,
    381,
    383,
    384,
    386,
    387,
    390,
    391,
    392,
    394,
    396,
    397,
    399,
    402,
    403,
    405,
    406,
    409,
    412,
    413,
    414,
    416,
    418,
    419,
    420,
    421,
    424,
    427,
    428,
    431,
    433,
    434,
    435,
    438,
    441,
    442,
    443,
    444,
    446,
    447,
    448,
    449,
    452,
    453,
    454,
    456,
    457,
    458,
    459,
    461,
    464,
    466,
    468,
    469,
    470,
    471,
    472,
    473,
    474,
    475,
    476,
    477,
    478,
    482,
    483,
    484,
    485,
    487,
    488,
    490,
    492,
    496,
    500,
    503,
    505,
    506,
    507,
    508,
    509,
    510,
    511,
    512,
    515,
    517,
    519,
    520,
    523,
    524,
    525,
    530,
    531,
    533,
    537,
    538,
    539,
    540,
    546,
    550,
    552,
    556,
    558,
    560,
    562,
    567,
    569,
    573,
    576,
    577,
    579,
    581,
    585,
    586,
    591,
    592,
    593,
    597,
    598,
    600,
    605,
    606,
    609,
    610,
    611,
    612,
    615,
    616,
    618,
    619,
    620,
    622,
    623,
    624,
    628,
    629,
    630,
    631,
    632,
    633,
    634,
    639,
    640,
    641,
    642,
    645,
    648,
    651,
    653,
    654,
    657,
    658,
    659,
    661,
    663,
    665,
    666,
    667,
    672,
    673,
    683,
    684,
    685,
    686,
    690,
    691,
    693,
    694,
    699,
    703,
    704,
    705,
    706,
    707,
    709,
    710,
    712,
    715,
    717,
    718,
    720,
    724,
    726,
    727,
    729,
    731,
    732,
    735,
    738,
    744,
    745,
    750,
    751,
    754,
    755,
    756,
    758,
    759,
    760,
    763,
    765,
    769,
    770,
    771,
    773,
    774,
    775,
    776,
    777,
    778,
    780,
    785,
    786,
    789,
    790,
    791,
    792,
    794,
    796,
    797,
    798,
    801,
    803,
    804,
    806,
    809,
    812,
    813,
    821,
    833,
    834,
    835,
    840,
    841,
    842,
    843,
    846,
    848,
    850,
    851,
    852,
    853,
    854,
    855,
    856,
    858,
    860,
    861,
    862,
    864,
    869,
    870,
    871,
    873,
    877,
    878,
    882,
    886,
    887,
    890,
    894,
    895,
    897,
    905,
    906,
    909,
    911,
    912,
    913,
    915,
    916,
    919,
    922,
    923,
    926,
    927,
    928,
    929,
    931,
    932,
    933,
    935,
    937,
    939,
    940,
    943,
    945,
    946,
    951,
    952,
    953,
    955,
    956,
    958,
    960,
    961,
    962,
    964,
    966,
    967,
    969,
    972,
    979,
    981,
    982,
    984,
    987,
    988,
    990,
    992,
    993,
    997,
    999
  ],