{
  "median_r": 0.1594698131084442,
  "mean_r": 0.17673128843307495,
  "median_pattern_r": 0.49679988622665405,
  "two_vs_two": 0.912,
  "n_shots": 100,
  "n_eval": 250,
  "n_stimuli_total": 1000,
  "seed": 43,
  "eval_split_mode": "fixed",
  "eval_indices": [
    2,
    3,
    10,
    23,
    25,
    29,
    30,
    31,
    33,
    39,
    44,
    49,
    54,
    55,
    59,
    60,
    63,
    65,
    66,
    67,
    70,
    72,
    76,
    77,
    78,
    84,
    86,
    88,
    96,
    101,
    107,
    109,
    110,
    120,
    136,
    137,
    139,
    141,
    158,
    165,
    168,
    174,
    184,
    192,
    198,
    199,
    204,
    208,
    209,
    210,
    213,
    215,
    218,
    221,
    231,
    235,
    237,
    244,
    247,
    249,
    254,
    256,
    259,
    260,
    261,
    265,
    275,
    277,
    280,
    281,
    286,
    289,
    292,
    294,
    296,
    298,
    299,
    305,
    306,
    307,
    309,
    310,
    312,
    314,
    318,
    319,
    321,
    327,
    328,
    331,
    332,
    333,
    344,
    346,
    350,
    351,
    355,
    361,
    363,
    365,
    370,
    371,
    377,
    382,
    408,
    411,
    425,
    429,
    430,
    432,
    436,
    439,
    445,
    451,
    462,
    479,
    481,
    486,
    493,
    494,
    495,
    499,
    513,
    514,
    521,
    522,
    526,
    527,
    528,
    529,
    534,
    535,
    536,
    542,
    543,
    544,
    548,
    549,
    554,
    557,
    559,
    570,
    575,
    578,
    583,
    584,
    589,
    590,
    595,
    596,
    599,
    601,
    604,
    613,
    617,
    621,
    626,
    635,
    636,
    643,
    644,
    649,
    650,
    652,
    655,
    656,
    660,
    662,
    664,
    668,
    670,
    677,
    678,
    679,
    687,
    689,
    692,
    695,
    697,
    708,
    713,
    714,
    716,
    721,
    734,
    737,
    740,
    741,
    749,
    753,
    761,
    764,
    767,
    787,
    799,
    800,
    802,
    810,
    811,
    816,
    820,
    822,
    823,
    824,
    826,
    827,
    829,
    836,
    837,
    845,
    849,
    859,
    865,
    866,
    867,
    879,
    883,
    884,
    892,
    893,
    896,
    899,
    901,
    902,
    904,
    907,
    914,
    917,
    918,
    924,
    925,
    936,
    938,
    941,
    942,
    947,
    948,
    959,
    963,
    973,
    974,
    975,
    977,
    978,
    985,
    986,
    989,
    994,
    995,
    998
  ],
  "shot_indices": [
    12,
    14,
    22,
    32,
    57,
    75,
    92,
    97,
    105,
    106,
    124,
    142,
    153,
    154,
    156,
    173,
    175,
    178,
    182,
    205,
    206,
    207,
    214,
    230,
    257,
    262,
    270,
    272,
    278,
    288,
    300,
    302,
    304,
    311,
    315,
    326,
    352,
    353,
    356,
    357,
    374,
    375,
    376,
    383,
    390,
    401,
    404,
    418,
    419,
    420,
    424,
    431,
    435,
    452,
    455,
    474,
    475,
    519,
    523,
    540,
    546,
    556,
    571,
    593,
    624,
    645,
    648,
    653,
    658,
    671,
    683,
    686,
    705,
    715,
    727,
    735,
    739,
    748,
    758,
    765,
    780,
    812,
    828,
    834,
    846,
    871,
    873,
    875,
    887,
    894,
    908,
    911,
    922,
    923,
    930,
    935,
    940,
    953,
    987,
    996
  ],
  "shot_template_indices": [
    12,
    14,
    22,
    32,
    51,
    67,
    83,
    88,
    96,
    97,
    113,
    129,
    137,
    138,
    140,
    157,
    159,
    162,
    166,
    184,
    185,
    186,
    193,
    208,
    230,
    234,
    241,
    243,
    249,
    259,
    270,
    272,
    274,
    281,
    285,
    296,
    320,
    321,
    324,
    325,
    342,
    343,
    344,
    351,
    356,
    365,
    368,
    380,
    381,
    382,
    384,
    391,
    395,
    410,
    413,
    431,
    432,
    473,
    476,
    492,
    498,
    506,
    520,
    540,
    568,
    587,
    589,
    594,
    598,
    611,
    621,
    624,
    643,
    653,
    662,
    669,
    673,
    681,
    690,
    697,
    711,
    739,
    753,
    757,
    769,
    793,
    794,
    795,
    806,
    811,
    825,
    827,
    837,
    838,
    845,
    850,
    855,
    866,
    894,
    903
  ],
  "support_strategy": "shared_stim_intersection",
  "n_support_candidates": 907,
  "n_support_pool": 677,
  "fine_tune": false,
  "mode": "few_shot",
  "eval_split_seed": 42,
  "eval_split_size": 250,
  "eval_split_source": "loaded",
  "eval_split_path": "outputs/shared_space_clip_dinov2_v2/eval_splits/sub07_fixed_eval_split.npz",
  "atlas_labeled_fraction": 0.8921305787730642,
  "atlas_n_parcels_present": 34,
  "atlas_n_parcels_expected": 34,
  "noise_ceiling_median": 0.2565179467201233,
  "noise_ceiling_mean": 0.26548904180526733,
  "n_voxels_nc_ge_0": 12682,
  "median_r_nc_ge_0": 0.1594698131084442,
  "mean_r_nc_ge_0": 0.17673128843307495,
  "n_voxels_nc_ge_0_1": 11138,
  "median_r_nc_ge_0_1": 0.18190598487854004,
  "mean_r_nc_ge_0_1": 0.1951972395181656,
  "n_voxels_nc_ge_0_3": 4932,
  "median_r_nc_ge_0_3": 0.2825034260749817,
  "mean_r_nc_ge_0_3": 0.2888859510421753
}