{
  "median_r": 0.1684822142124176,
  "mean_r": 0.1856115162372589,
  "median_pattern_r": 0.49410882592201233,
  "two_vs_two": 0.917,
  "n_shots": 250,
  "n_eval": 250,
  "n_stimuli_total": 1000,
  "seed": 42,
  "eval_split_mode": "fixed",
  "eval_indices": [
    2,
    3,
    10,
    23,
    25,
    29,
    30,
    31,
    33,
    39,
    44,
    49,
    54,
    55,
    59,
    60,
    63,
    65,
    66,
    67,
    70,
    72,
    76,
    77,
    78,
    84,
    86,
    88,
    96,
    101,
    107,
    109,
    110,
    120,
    136,
    137,
    139,
    141,
    158,
    165,
    168,
    174,
    184,
    192,
    198,
    199,
    204,
    208,
    209,
    210,
    213,
    215,
    218,
    221,
    231,
    235,
    237,
    244,
    247,
    249,
    254,
    256,
    259,
    260,
    261,
    265,
    275,
    277,
    280,
    281,
    286,
    289,
    292,
    294,
    296,
    298,
    299,
    305,
    306,
    307,
    309,
    310,
    312,
    314,
    318,
    319,
    321,
    327,
    328,
    331,
    332,
    333,
    344,
    346,
    350,
    351,
    355,
    361,
    363,
    365,
    370,
    371,
    377,
    382,
    408,
    411,
    425,
    429,
    430,
    432,
    436,
    439,
    445,
    451,
    462,
    479,
    481,
    486,
    493,
    494,
    495,
    499,
    513,
    514,
    521,
    522,
    526,
    527,
    528,
    529,
    534,
    535,
    536,
    542,
    543,
    544,
    548,
    549,
    554,
    557,
    559,
    570,
    575,
    578,
    583,
    584,
    589,
    590,
    595,
    596,
    599,
    601,
    604,
    613,
    617,
    621,
    626,
    635,
    636,
    643,
    644,
    649,
    650,
    652,
    655,
    656,
    660,
    662,
    664,
    668,
    670,
    677,
    678,
    679,
    687,
    689,
    692,
    695,
    697,
    708,
    713,
    714,
    716,
    721,
    734,
    737,
    740,
    741,
    749,
    753,
    761,
    764,
    767,
    787,
    799,
    800,
    802,
    810,
    811,
    816,
    820,
    822,
    823,
    824,
    826,
    827,
    829,
    836,
    837,
    845,
    849,
    859,
    865,
    866,
    867,
    879,
    883,
    884,
    892,
    893,
    896,
    899,
    901,
    902,
    904,
    907,
    914,
    917,
    918,
    924,
    925,
    936,
    938,
    941,
    942,
    947,
    948,
    959,
    963,
    973,
    974,
    975,
    977,
    978,
    985,
    986,
    989,
    994,
    995,
    998
  ],
  "shot_indices": [
    4,
    8,
    9,
    12,
    13,
    14,
    18,
    21,
    27,
    28,
    32,
    37,
    38,
    40,
    41,
    45,
    58,
    62,
    68,
    69,
    71,
    80,
    82,
    87,
    89,
    90,
    95,
    97,
    99,
    102,
    103,
    106,
    108,
    112,
    113,
    115,
    116,
    117,
    118,
    119,
    122,
    124,
    125,
    127,
    129,
    132,
    133,
    138,
    152,
    155,
    160,
    161,
    162,
    167,
    172,
    175,
    187,
    188,
    189,
    191,
    193,
    195,
    201,
    211,
    216,
    223,
    226,
    229,
    239,
    241,
    242,
    245,
    257,
    262,
    263,
    264,
    268,
    269,
    271,
    283,
    288,
    293,
    301,
    302,
    311,
    313,
    315,
    316,
    317,
    320,
    323,
    326,
    330,
    335,
    341,
    348,
    353,
    354,
    367,
    372,
    373,
    374,
    375,
    383,
    384,
    386,
    387,
    394,
    396,
    402,
    405,
    406,
    409,
    412,
    416,
    419,
    421,
    427,
    428,
    431,
    433,
    435,
    443,
    444,
    447,
    449,
    457,
    458,
    461,
    468,
    469,
    470,
    476,
    478,
    482,
    483,
    487,
    488,
    490,
    492,
    496,
    500,
    503,
    506,
    507,
    509,
    510,
    512,
    515,
    520,
    523,
    525,
    533,
    538,
    550,
    556,
    560,
    569,
    577,
    579,
    581,
    585,
    605,
    606,
    619,
    622,
    630,
    631,
    639,
    640,
    651,
    653,
    657,
    661,
    665,
    667,
    673,
    683,
    703,
    706,
    710,
    712,
    718,
    720,
    724,
    726,
    727,
    729,
    732,
    738,
    745,
    756,
    759,
    760,
    763,
    769,
    770,
    771,
    774,
    776,
    786,
    789,
    791,
    794,
    796,
    804,
    812,
    813,
    834,
    846,
    848,
    850,
    855,
    861,
    862,
    864,
    869,
    870,
    873,
    877,
    886,
    887,
    890,
    905,
    906,
    909,
    912,
    926,
    927,
    928,
    931,
    932,
    933,
    939,
    945,
    946,
    951,
    952,
    953,
    958,
    960,
    967,
    969,
    972,
    979,
    981,
    982,
    987,
    992,
    993
  ],
  "shot_template_indices": [
    4,
    8,
    9,
    12,
    13,
    14,
    18,
    21,
    27,
    28,
    32,
    37,
    38,
    40,
    41,
    44,
    52,
    56,
    60,
    61,
    63,
    72,
    74,
    79,
    81,
    82,
    86,
    88,
    90,
    93,
    94,
    97,
    99,
    102,
    103,
    105,
    106,
    107,
    108,
    109,
    112,
    113,
    114,
    115,
    117,
    120,
    121,
    126,
    136,
    139,
    144,
    145,
    146,
    151,
    156,
    159,
    171,
    172,
    173,
    175,
    177,
    178,
    182,
    190,
    195,
    202,
    204,
    207,
    214,
    215,
    216,
    219,
    230,
    234,
    235,
    236,
    239,
    240,
    242,
    254,
    259,
    264,
    271,
    272,
    281,
    283,
    285,
    286,
    287,
    290,
    293,
    296,
    300,
    304,
    310,
    316,
    321,
    322,
    335,
    340,
    341,
    342,
    343,
    351,
    352,
    354,
    355,
    359,
    360,
    366,
    369,
    370,
    373,
    375,
    378,
    381,
    383,
    387,
    388,
    391,
    393,
    395,
    402,
    403,
    406,
    408,
    415,
    416,
    419,
    425,
    426,
    427,
    433,
    435,
    439,
    440,
    444,
    445,
    447,
    449,
    453,
    457,
    459,
    462,
    463,
    465,
    466,
    468,
    470,
    474,
    476,
    478,
    486,
    490,
    500,
    506,
    510,
    518,
    525,
    527,
    529,
    532,
    551,
    552,
    563,
    566,
    573,
    574,
    581,
    582,
    592,
    594,
    597,
    601,
    605,
    607,
    613,
    621,
    641,
    644,
    648,
    650,
    655,
    657,
    660,
    661,
    662,
    664,
    667,
    672,
    678,
    688,
    691,
    692,
    695,
    701,
    702,
    703,
    706,
    708,
    715,
    718,
    720,
    722,
    724,
    732,
    739,
    740,
    757,
    769,
    771,
    773,
    778,
    784,
    785,
    787,
    791,
    792,
    794,
    797,
    805,
    806,
    807,
    822,
    823,
    826,
    828,
    841,
    842,
    843,
    846,
    847,
    848,
    854,
    860,
    861,
    864,
    865,
    866,
    869,
    871,
    878,
    880,
    882,
    887,
    888,
    889,
    894,
    899,
    900
  ],
  "support_strategy": "shared_stim_intersection",
  "n_support_candidates": 907,
  "n_support_pool": 677,
  "fine_tune": false,
  "mode": "few_shot",
  "eval_split_seed": 42,
  "eval_split_size": 250,
  "eval_split_source": "loaded",
  "eval_split_path": "outputs/shared_space_clip_dinov2_v2/eval_splits/sub07_fixed_eval_split.npz",
  "atlas_labeled_fraction": 0.8921305787730642,
  "atlas_n_parcels_present": 34,
  "atlas_n_parcels_expected": 34,
  "noise_ceiling_median": 0.2565179467201233,
  "noise_ceiling_mean": 0.26548904180526733,
  "n_voxels_nc_ge_0": 12682,
  "median_r_nc_ge_0": 0.1684822142124176,
  "mean_r_nc_ge_0": 0.1856115162372589,
  "n_voxels_nc_ge_0_1": 11138,
  "median_r_nc_ge_0_1": 0.19205787777900696,
  "mean_r_nc_ge_0_1": 0.20468707382678986,
  "n_voxels_nc_ge_0_3": 4932,
  "median_r_nc_ge_0_3": 0.29505929350852966,
  "mean_r_nc_ge_0_3": 0.2978828549385071
}