{
  "median_r": 0.17410583794116974,
  "mean_r": 0.19105084240436554,
  "median_pattern_r": 0.5458838939666748,
  "two_vs_two": 0.917,
  "n_shots": 500,
  "n_eval": 250,
  "n_stimuli_total": 1000,
  "seed": 45,
  "eval_split_mode": "fixed",
  "eval_indices": [
    2,
    3,
    10,
    23,
    25,
    29,
    30,
    31,
    33,
    39,
    44,
    49,
    54,
    55,
    59,
    60,
    63,
    65,
    66,
    67,
    70,
    72,
    76,
    77,
    78,
    84,
    86,
    88,
    96,
    101,
    107,
    109,
    110,
    120,
    136,
    137,
    139,
    141,
    158,
    165,
    168,
    174,
    184,
    192,
    198,
    199,
    204,
    208,
    209,
    210,
    213,
    215,
    218,
    221,
    231,
    235,
    237,
    244,
    247,
    249,
    254,
    256,
    259,
    260,
    261,
    265,
    275,
    277,
    280,
    281,
    286,
    289,
    292,
    294,
    296,
    298,
    299,
    305,
    306,
    307,
    309,
    310,
    312,
    314,
    318,
    319,
    321,
    327,
    328,
    331,
    332,
    333,
    344,
    346,
    350,
    351,
    355,
    361,
    363,
    365,
    370,
    371,
    377,
    382,
    408,
    411,
    425,
    429,
    430,
    432,
    436,
    439,
    445,
    451,
    462,
    479,
    481,
    486,
    493,
    494,
    495,
    499,
    513,
    514,
    521,
    522,
    526,
    527,
    528,
    529,
    534,
    535,
    536,
    542,
    543,
    544,
    548,
    549,
    554,
    557,
    559,
    570,
    575,
    578,
    583,
    584,
    589,
    590,
    595,
    596,
    599,
    601,
    604,
    613,
    617,
    621,
    626,
    635,
    636,
    643,
    644,
    649,
    650,
    652,
    655,
    656,
    660,
    662,
    664,
    668,
    670,
    677,
    678,
    679,
    687,
    689,
    692,
    695,
    697,
    708,
    713,
    714,
    716,
    721,
    734,
    737,
    740,
    741,
    749,
    753,
    761,
    764,
    767,
    787,
    799,
    800,
    802,
    810,
    811,
    816,
    820,
    822,
    823,
    824,
    826,
    827,
    829,
    836,
    837,
    845,
    849,
    859,
    865,
    866,
    867,
    879,
    883,
    884,
    892,
    893,
    896,
    899,
    901,
    902,
    904,
    907,
    914,
    917,
    918,
    924,
    925,
    936,
    938,
    941,
    942,
    947,
    948,
    959,
    963,
    973,
    974,
    975,
    977,
    978,
    985,
    986,
    989,
    994,
    995,
    998
  ],
  "shot_indices": [
    0,
    1,
    5,
    6,
    8,
    11,
    12,
    13,
    14,
    15,
    16,
    17,
    19,
    21,
    22,
    24,
    26,
    27,
    28,
    34,
    35,
    37,
    40,
    42,
    45,
    51,
    57,
    58,
    61,
    62,
    71,
    73,
    74,
    75,
    79,
    81,
    82,
    83,
    85,
    87,
    92,
    93,
    94,
    95,
    97,
    98,
    99,
    100,
    102,
    103,
    104,
    106,
    112,
    113,
    114,
    115,
    116,
    119,
    121,
    124,
    125,
    127,
    130,
    132,
    133,
    134,
    143,
    144,
    145,
    149,
    150,
    152,
    153,
    154,
    155,
    156,
    160,
    161,
    163,
    164,
    166,
    169,
    170,
    172,
    173,
    175,
    176,
    177,
    178,
    179,
    180,
    181,
    182,
    183,
    185,
    187,
    188,
    189,
    190,
    191,
    193,
    195,
    196,
    200,
    201,
    202,
    205,
    206,
    211,
    212,
    214,
    216,
    217,
    219,
    220,
    223,
    225,
    227,
    228,
    230,
    233,
    238,
    243,
    245,
    246,
    248,
    250,
    252,
    253,
    255,
    257,
    262,
    263,
    264,
    266,
    267,
    269,
    270,
    271,
    273,
    274,
    276,
    279,
    282,
    283,
    284,
    285,
    287,
    290,
    295,
    300,
    302,
    303,
    304,
    311,
    313,
    315,
    317,
    322,
    324,
    325,
    326,
    329,
    330,
    335,
    336,
    337,
    338,
    339,
    340,
    341,
    342,
    345,
    347,
    348,
    353,
    357,
    359,
    360,
    366,
    367,
    369,
    373,
    374,
    375,
    376,
    378,
    379,
    383,
    384,
    385,
    386,
    387,
    390,
    391,
    392,
    397,
    398,
    400,
    402,
    403,
    404,
    405,
    406,
    407,
    413,
    414,
    416,
    417,
    418,
    419,
    420,
    421,
    427,
    428,
    431,
    433,
    434,
    435,
    438,
    441,
    442,
    443,
    444,
    446,
    447,
    448,
    452,
    453,
    454,
    459,
    460,
    465,
    466,
    470,
    471,
    472,
    474,
    475,
    476,
    477,
    478,
    482,
    483,
    484,
    485,
    487,
    488,
    489,
    490,
    491,
    492,
    496,
    497,
    498,
    500,
    502,
    503,
    504,
    506,
    507,
    509,
    510,
    511,
    512,
    515,
    517,
    518,
    519,
    520,
    524,
    525,
    531,
    532,
    537,
    538,
    539,
    540,
    541,
    546,
    550,
    551,
    553,
    555,
    558,
    560,
    562,
    563,
    564,
    565,
    566,
    567,
    568,
    571,
    572,
    573,
    576,
    577,
    579,
    580,
    585,
    586,
    588,
    591,
    592,
    593,
    594,
    597,
    598,
    600,
    603,
    606,
    608,
    610,
    611,
    612,
    614,
    615,
    618,
    619,
    620,
    622,
    623,
    625,
    628,
    629,
    630,
    631,
    633,
    638,
    639,
    640,
    646,
    648,
    653,
    657,
    658,
    659,
    661,
    663,
    666,
    667,
    671,
    673,
    675,
    676,
    680,
    682,
    683,
    685,
    688,
    690,
    691,
    693,
    694,
    696,
    698,
    700,
    702,
    704,
    705,
    706,
    707,
    709,
    710,
    711,
    712,
    717,
    722,
    723,
    726,
    728,
    729,
    730,
    731,
    735,
    736,
    738,
    739,
    744,
    745,
    748,
    750,
    751,
    754,
    755,
    756,
    757,
    758,
    760,
    762,
    765,
    769,
    770,
    771,
    772,
    773,
    774,
    776,
    777,
    778,
    782,
    783,
    785,
    788,
    789,
    791,
    794,
    795,
    796,
    797,
    798,
    803,
    804,
    805,
    809,
    812,
    813,
    815,
    817,
    818,
    819,
    821,
    825,
    828,
    838,
    839,
    841,
    842,
    843,
    844,
    847,
    848,
    851,
    852,
    853,
    854,
    855,
    856,
    857,
    858,
    860,
    861,
    862,
    863,
    864,
    868,
    869,
    871,
    876,
    877,
    878,
    881,
    882,
    886,
    890,
    891,
    894,
    895,
    898,
    900,
    905,
    908,
    911,
    912,
    913,
    915,
    916,
    919,
    921,
    922,
    926,
    927,
    928,
    930,
    931,
    932,
    934,
    937,
    939,
    940,
    943,
    945,
    946,
    953,
    955,
    958,
    960,
    965,
    967,
    968,
    969,
    970,
    972,
    982,
    987,
    988,
    992,
    996,
    997
  ],