{
  "median_r": 0.17104122042655945,
  "mean_r": 0.18821796774864197,
  "median_pattern_r": 0.5245152115821838,
  "two_vs_two": 0.917,
  "n_shots": 250,
  "n_eval": 250,
  "n_stimuli_total": 1000,
  "seed": 45,
  "eval_split_mode": "fixed",
  "eval_indices": [
    2,
    3,
    10,
    23,
    25,
    29,
    30,
    31,
    33,
    39,
    44,
    49,
    54,
    55,
    59,
    60,
    63,
    65,
    66,
    67,
    70,
    72,
    76,
    77,
    78,
    84,
    86,
    88,
    96,
    101,
    107,
    109,
    110,
    120,
    136,
    137,
    139,
    141,
    158,
    165,
    168,
    174,
    184,
    192,
    198,
    199,
    204,
    208,
    209,
    210,
    213,
    215,
    218,
    221,
    231,
    235,
    237,
    244,
    247,
    249,
    254,
    256,
    259,
    260,
    261,
    265,
    275,
    277,
    280,
    281,
    286,
    289,
    292,
    294,
    296,
    298,
    299,
    305,
    306,
    307,
    309,
    310,
    312,
    314,
    318,
    319,
    321,
    327,
    328,
    331,
    332,
    333,
    344,
    346,
    350,
    351,
    355,
    361,
    363,
    365,
    370,
    371,
    377,
    382,
    408,
    411,
    425,
    429,
    430,
    432,
    436,
    439,
    445,
    451,
    462,
    479,
    481,
    486,
    493,
    494,
    495,
    499,
    513,
    514,
    521,
    522,
    526,
    527,
    528,
    529,
    534,
    535,
    536,
    542,
    543,
    544,
    548,
    549,
    554,
    557,
    559,
    570,
    575,
    578,
    583,
    584,
    589,
    590,
    595,
    596,
    599,
    601,
    604,
    613,
    617,
    621,
    626,
    635,
    636,
    643,
    644,
    649,
    650,
    652,
    655,
    656,
    660,
    662,
    664,
    668,
    670,
    677,
    678,
    679,
    687,
    689,
    692,
    695,
    697,
    708,
    713,
    714,
    716,
    721,
    734,
    737,
    740,
    741,
    749,
    753,
    761,
    764,
    767,
    787,
    799,
    800,
    802,
    810,
    811,
    816,
    820,
    822,
    823,
    824,
    826,
    827,
    829,
    836,
    837,
    845,
    849,
    859,
    865,
    866,
    867,
    879,
    883,
    884,
    892,
    893,
    896,
    899,
    901,
    902,
    904,
    907,
    914,
    917,
    918,
    924,
    925,
    936,
    938,
    941,
    942,
    947,
    948,
    959,
    963,
    973,
    974,
    975,
    977,
    978,
    985,
    986,
    989,
    994,
    995,
    998
  ],
  "shot_indices": [
    6,
    8,
    11,
    12,
    14,
    16,
    17,
    21,
    22,
    27,
    40,
    45,
    51,
    57,
    58,
    71,
    79,
    81,
    82,
    87,
    92,
    97,
    99,
    100,
    102,
    104,
    106,
    116,
    119,
    124,
    127,
    134,
    144,
    149,
    150,
    152,
    153,
    154,
    160,
    163,
    170,
    179,
    180,
    181,
    182,
    183,
    187,
    188,
    189,
    190,
    191,
    195,
    196,
    200,
    206,
    211,
    212,
    214,
    217,
    233,
    238,
    243,
    246,
    248,
    252,
    253,
    255,
    262,
    266,
    267,
    269,
    270,
    276,
    287,
    290,
    300,
    302,
    304,
    311,
    313,
    315,
    317,
    322,
    324,
    325,
    337,
    339,
    340,
    341,
    342,
    345,
    347,
    353,
    357,
    360,
    366,
    369,
    373,
    375,
    383,
    384,
    385,
    387,
    391,
    398,
    407,
    417,
    419,
    420,
    428,
    434,
    441,
    443,
    446,
    452,
    453,
    470,
    476,
    477,
    482,
    489,
    491,
    496,
    497,
    500,
    502,
    503,
    504,
    506,
    510,
    511,
    517,
    519,
    520,
    524,
    525,
    531,
    537,
    539,
    546,
    551,
    553,
    558,
    560,
    562,
    563,
    564,
    565,
    567,
    568,
    571,
    572,
    585,
    591,
    592,
    598,
    600,
    603,
    606,
    608,
    611,
    614,
    615,
    618,
    619,
    620,
    625,
    629,
    631,
    639,
    646,
    648,
    663,
    667,
    676,
    680,
    682,
    683,
    688,
    694,
    698,
    700,
    704,
    705,
    709,
    710,
    723,
    726,
    730,
    731,
    738,
    750,
    751,
    756,
    769,
    771,
    772,
    774,
    776,
    777,
    785,
    791,
    794,
    795,
    797,
    798,
    812,
    813,
    815,
    825,
    838,
    839,
    841,
    852,
    853,
    854,
    857,
    858,
    863,
    864,
    868,
    869,
    871,
    876,
    877,
    878,
    882,
    886,
    891,
    895,
    908,
    911,
    913,
    915,
    919,
    921,
    927,
    928,
    932,
    939,
    940,
    943,
    946,
    953,
    960,
    965,
    982,
    987,
    996,
    997
  ],
  "shot_template_indices": [
    6,
    8,
    11,
    12,
    14,
    16,
    17,
    21,
    22,
    27,
    40,
    44,
    47,
    51,
    52,
    63,
    71,
    73,
    74,
    79,
    83,
    88,
    90,
    91,
    93,
    95,
    97,
    106,
    109,
    113,
    115,
    122,
    131,
    134,
    135,
    136,
    137,
    138,
    144,
    147,
    154,
    163,
    164,
    165,
    166,
    167,
    171,
    172,
    173,
    174,
    175,
    178,
    179,
    181,
    185,
    190,
    191,
    193,
    196,
    211,
    213,
    217,
    220,
    222,
    225,
    226,
    228,
    234,
    237,
    238,
    240,
    241,
    247,
    258,
    261,
    270,
    272,
    274,
    281,
    283,
    285,
    287,
    292,
    294,
    295,
    306,
    308,
    309,
    310,
    311,
    313,
    315,
    321,
    325,
    328,
    334,
    337,
    341,
    343,
    351,
    352,
    353,
    355,
    357,
    362,
    371,
    379,
    381,
    382,
    388,
    394,
    400,
    402,
    405,
    410,
    411,
    427,
    433,
    434,
    439,
    446,
    448,
    453,
    454,
    457,
    458,
    459,
    460,
    462,
    466,
    467,
    471,
    473,
    474,
    477,
    478,
    484,
    489,
    491,
    498,
    501,
    503,
    508,
    510,
    511,
    512,
    513,
    514,
    516,
    517,
    520,
    521,
    532,
    538,
    539,
    545,
    547,
    549,
    552,
    553,
    556,
    559,
    560,
    562,
    563,
    564,
    569,
    572,
    574,
    581,
    588,
    589,
    603,
    607,
    615,
    619,
    620,
    621,
    626,
    632,
    636,
    638,
    642,
    643,
    647,
    648,
    659,
    661,
    665,
    666,
    672,
    683,
    684,
    688,
    701,
    703,
    704,
    706,
    708,
    709,
    714,
    720,
    722,
    723,
    725,
    726,
    739,
    740,
    741,
    751,
    761,
    762,
    764,
    775,
    776,
    777,
    780,
    781,
    786,
    787,
    790,
    791,
    793,
    796,
    797,
    798,
    802,
    805,
    808,
    812,
    825,
    827,
    829,
    831,
    835,
    836,
    842,
    843,
    847,
    854,
    855,
    858,
    861,
    866,
    871,
    876,
    889,
    894,
    903,
    904
  ],
  "support_strategy": "shared_stim_intersection",
  "n_support_candidates": 907,
  "n_support_pool": 677,
  "fine_tune": false,
  "mode": "few_shot",
  "eval_split_seed": 42,
  "eval_split_size": 250,
  "eval_split_source": "loaded",
  "eval_split_path": "outputs/shared_space_clip_dinov2_v2/eval_splits/sub07_fixed_eval_split.npz",
  "atlas_labeled_fraction": 0.8921305787730642,
  "atlas_n_parcels_present": 34,
  "atlas_n_parcels_expected": 34,
  "noise_ceiling_median": 0.2565179467201233,
  "noise_ceiling_mean": 0.26548904180526733,
  "n_voxels_nc_ge_0": 12682,
  "median_r_nc_ge_0": 0.17104122042655945,
  "mean_r_nc_ge_0": 0.18821796774864197,
  "n_voxels_nc_ge_0_1": 11138,
  "median_r_nc_ge_0_1": 0.19278471171855927,
  "mean_r_nc_ge_0_1": 0.2071610540151596,
  "n_voxels_nc_ge_0_3": 4932,
  "median_r_nc_ge_0_3": 0.2937730550765991,
  "mean_r_nc_ge_0_3": 0.2985150218009949
}