{
  "median_r": 0.16186964511871338,
  "mean_r": 0.18123726546764374,
  "median_pattern_r": 0.4881291687488556,
  "two_vs_two": 0.91,
  "n_shots": 100,
  "n_eval": 250,
  "n_stimuli_total": 1000,
  "seed": 46,
  "eval_split_mode": "fixed",
  "eval_indices": [
    2,
    3,
    10,
    23,
    25,
    29,
    30,
    31,
    33,
    39,
    44,
    49,
    54,
    55,
    59,
    60,
    63,
    65,
    66,
    67,
    70,
    72,
    76,
    77,
    78,
    84,
    86,
    88,
    96,
    101,
    107,
    109,
    110,
    120,
    136,
    137,
    139,
    141,
    158,
    165,
    168,
    174,
    184,
    192,
    198,
    199,
    204,
    208,
    209,
    210,
    213,
    215,
    218,
    221,
    231,
    235,
    237,
    244,
    247,
    249,
    254,
    256,
    259,
    260,
    261,
    265,
    275,
    277,
    280,
    281,
    286,
    289,
    292,
    294,
    296,
    298,
    299,
    305,
    306,
    307,
    309,
    310,
    312,
    314,
    318,
    319,
    321,
    327,
    328,
    331,
    332,
    333,
    344,
    346,
    350,
    351,
    355,
    361,
    363,
    365,
    370,
    371,
    377,
    382,
    408,
    411,
    425,
    429,
    430,
    432,
    436,
    439,
    445,
    451,
    462,
    479,
    481,
    486,
    493,
    494,
    495,
    499,
    513,
    514,
    521,
    522,
    526,
    527,
    528,
    529,
    534,
    535,
    536,
    542,
    543,
    544,
    548,
    549,
    554,
    557,
    559,
    570,
    575,
    578,
    583,
    584,
    589,
    590,
    595,
    596,
    599,
    601,
    604,
    613,
    617,
    621,
    626,
    635,
    636,
    643,
    644,
    649,
    650,
    652,
    655,
    656,
    660,
    662,
    664,
    668,
    670,
    677,
    678,
    679,
    687,
    689,
    692,
    695,
    697,
    708,
    713,
    714,
    716,
    721,
    734,
    737,
    740,
    741,
    749,
    753,
    761,
    764,
    767,
    787,
    799,
    800,
    802,
    810,
    811,
    816,
    820,
    822,
    823,
    824,
    826,
    827,
    829,
    836,
    837,
    845,
    849,
    859,
    865,
    866,
    867,
    879,
    883,
    884,
    892,
    893,
    896,
    899,
    901,
    902,
    904,
    907,
    914,
    917,
    918,
    924,
    925,
    936,
    938,
    941,
    942,
    947,
    948,
    959,
    963,
    973,
    974,
    975,
    977,
    978,
    985,
    986,
    989,
    994,
    995,
    998
  ],
  "shot_indices": [
    0,
    5,
    12,
    15,
    21,
    34,
    47,
    73,
    89,
    90,
    98,
    117,
    127,
    128,
    144,
    155,
    156,
    157,
    160,
    175,
    189,
    214,
    225,
    243,
    245,
    255,
    270,
    279,
    300,
    308,
    323,
    335,
    349,
    364,
    369,
    372,
    374,
    379,
    380,
    383,
    397,
    404,
    407,
    412,
    416,
    417,
    419,
    427,
    428,
    434,
    441,
    444,
    457,
    483,
    489,
    502,
    510,
    515,
    519,
    523,
    533,
    558,
    580,
    608,
    622,
    628,
    633,
    640,
    653,
    658,
    673,
    683,
    686,
    718,
    728,
    765,
    776,
    777,
    795,
    805,
    825,
    834,
    838,
    840,
    847,
    850,
    855,
    861,
    873,
    886,
    908,
    913,
    922,
    956,
    960,
    968,
    969,
    984,
    992,
    993
  ],
  "shot_template_indices": [
    0,
    5,
    12,
    15,
    21,
    34,
    45,
    65,
    81,
    82,
    89,
    107,
    115,
    116,
    131,
    139,
    140,
    141,
    144,
    159,
    173,
    193,
    203,
    217,
    219,
    228,
    241,
    250,
    270,
    278,
    293,
    304,
    317,
    332,
    337,
    340,
    342,
    347,
    348,
    351,
    361,
    368,
    371,
    375,
    378,
    379,
    381,
    387,
    388,
    394,
    400,
    403,
    415,
    440,
    446,
    458,
    466,
    470,
    473,
    476,
    486,
    508,
    528,
    553,
    566,
    571,
    576,
    582,
    594,
    598,
    613,
    621,
    624,
    655,
    663,
    697,
    708,
    709,
    723,
    733,
    751,
    757,
    761,
    763,
    770,
    773,
    778,
    784,
    794,
    805,
    825,
    829,
    837,
    868,
    871,
    879,
    880,
    891,
    899,
    900
  ],
  "support_strategy": "shared_stim_intersection",
  "n_support_candidates": 907,
  "n_support_pool": 677,
  "fine_tune": false,
  "mode": "few_shot",
  "eval_split_seed": 42,
  "eval_split_size": 250,
  "eval_split_source": "loaded",
  "eval_split_path": "outputs/shared_space_clip_dinov2_v2/eval_splits/sub07_fixed_eval_split.npz",
  "atlas_labeled_fraction": 0.8921305787730642,
  "atlas_n_parcels_present": 34,
  "atlas_n_parcels_expected": 34,
  "noise_ceiling_median": 0.2565179467201233,
  "noise_ceiling_mean": 0.26548904180526733,
  "n_voxels_nc_ge_0": 12682,
  "median_r_nc_ge_0": 0.16186964511871338,
  "mean_r_nc_ge_0": 0.18123726546764374,
  "n_voxels_nc_ge_0_1": 11138,
  "median_r_nc_ge_0_1": 0.18423524498939514,
  "mean_r_nc_ge_0_1": 0.200013667345047,
  "n_voxels_nc_ge_0_3": 4932,
  "median_r_nc_ge_0_3": 0.2867494821548462,
  "mean_r_nc_ge_0_3": 0.29244497418403625
}